,FinalID,Consumer,OriginalTraitName,OriginalTraitValue,OriginalTraitUnit,StandardisedTraitValue,StandardisedTraitUnit,ConTemp,ConTempUnit,ConKingdom,ConPhylum,ConClass,ConOrder,ConFamily,ConGenus,ConSpecies,ConSize,ConSizeUnit,GenusSpecies
46728,MTD4941,Thermoplasma acidophila,Root Growth Rate,11.9352,h^-1,3.32e-05,s^-1,62.30114825,Celsius,Archaea,Euryarchaeota,Thermoplasmata,Thermoplasmatales,Thermoplasmataceae,Thermoplasma,acidophilum,,,Thermoplasma acidophilum
46729,MTD4941,Thermoplasma acidophila,Root Growth Rate,25.1579,h^-1,6.99e-05,s^-1,59.29017739,Celsius,Archaea,Euryarchaeota,Thermoplasmata,Thermoplasmatales,Thermoplasmataceae,Thermoplasma,acidophilum,,,Thermoplasma acidophilum
46730,MTD4941,Thermoplasma acidophila,Root Growth Rate,17.6145,h^-1,4.8899999999999996e-05,s^-1,56.9091466,Celsius,Archaea,Euryarchaeota,Thermoplasmata,Thermoplasmatales,Thermoplasmataceae,Thermoplasma,acidophilum,,,Thermoplasma acidophilum
46731,MTD4941,Thermoplasma acidophila,Root Growth Rate,19.6749,h^-1,5.47e-05,s^-1,55.902362100000005,Celsius,Archaea,Euryarchaeota,Thermoplasmata,Thermoplasmatales,Thermoplasmataceae,Thermoplasma,acidophilum,,,Thermoplasma acidophilum
46732,MTD4941,Thermoplasma acidophila,Root Growth Rate,7.2699,h^-1,2.02e-05,s^-1,49.46706967,Celsius,Archaea,Euryarchaeota,Thermoplasmata,Thermoplasmatales,Thermoplasmataceae,Thermoplasma,acidophilum,,,Thermoplasma acidophilum
46733,MTD4941,Thermoplasma acidophila,Root Growth Rate,3.24335,h^-1,9.01e-06,s^-1,45.38727682,Celsius,Archaea,Euryarchaeota,Thermoplasmata,Thermoplasmatales,Thermoplasmataceae,Thermoplasma,acidophilum,,,Thermoplasma acidophilum
46811,MTD4953,Pyrococcus abyssi,specific Growth,0.00214403,h^-1,6e-07,s^-1,68.0382,Celsius,Archaea,Euryarchaeota,Thermococci,Thermococcales,Thermococcaceae,Pyrococcus,abyssi,,,Pyrococcus abyssi
46812,MTD4953,Pyrococcus abyssi,specific Growth,0.15011300000000002,h^-1,4.1700000000000004e-05,s^-1,72.0627,Celsius,Archaea,Euryarchaeota,Thermococci,Thermococcales,Thermococcaceae,Pyrococcus,abyssi,,,Pyrococcus abyssi
46813,MTD4953,Pyrococcus abyssi,specific Growth,0.392563,h^-1,0.00010905,s^-1,76.9761,Celsius,Archaea,Euryarchaeota,Thermococci,Thermococcales,Thermococcaceae,Pyrococcus,abyssi,,,Pyrococcus abyssi
46814,MTD4953,Pyrococcus abyssi,specific Growth,0.573789,h^-1,0.00015939,s^-1,80.1162,Celsius,Archaea,Euryarchaeota,Thermococci,Thermococcales,Thermococcaceae,Pyrococcus,abyssi,,,Pyrococcus abyssi
46815,MTD4953,Pyrococcus abyssi,specific Growth,0.977184,h^-1,0.00027144,s^-1,85.1036,Celsius,Archaea,Euryarchaeota,Thermococci,Thermococcales,Thermococcaceae,Pyrococcus,abyssi,,,Pyrococcus abyssi
46816,MTD4953,Pyrococcus abyssi,specific Growth,1.20686,h^-1,0.00033524,s^-1,90.0847,Celsius,Archaea,Euryarchaeota,Thermococci,Thermococcales,Thermococcaceae,Pyrococcus,abyssi,,,Pyrococcus abyssi
46817,MTD4953,Pyrococcus abyssi,specific Growth,1.2602,h^-1,0.00035006,s^-1,96.0131,Celsius,Archaea,Euryarchaeota,Thermococci,Thermococcales,Thermococcaceae,Pyrococcus,abyssi,,,Pyrococcus abyssi
46818,MTD4953,Pyrococcus abyssi,specific Growth,1.0351700000000001,h^-1,0.00028755,s^-1,100.16,Celsius,Archaea,Euryarchaeota,Thermococci,Thermococcales,Thermococcaceae,Pyrococcus,abyssi,,,Pyrococcus abyssi
46819,MTD4953,Pyrococcus abyssi,specific Growth,0.163938,h^-1,4.55e-05,s^-1,101.491,Celsius,Archaea,Euryarchaeota,Thermococci,Thermococcales,Thermococcaceae,Pyrococcus,abyssi,,,Pyrococcus abyssi
46913,MTD4962,Methanogenium frigidum,Specific Growth,0.026402600000000002,d^-1,3.1e-07,s^-1,0.0359491,Celsius,Archaea,Euryarchaeota,Methanomicrobia,Methanomicrobiales,Methanomicrobiaceae,Methanogenium,frigidum,,,Methanogenium frigidum
46914,MTD4962,Methanogenium frigidum,Specific Growth,0.0325671,d^-1,3.8e-07,s^-1,0.0341024,Celsius,Archaea,Euryarchaeota,Methanomicrobia,Methanomicrobiales,Methanomicrobiaceae,Methanogenium,frigidum,,,Methanogenium frigidum
46915,MTD4962,Methanogenium frigidum,Specific Growth,0.08769930000000001,d^-1,1.02e-06,s^-1,4.05267,Celsius,Archaea,Euryarchaeota,Methanomicrobia,Methanomicrobiales,Methanomicrobiaceae,Methanogenium,frigidum,,,Methanogenium frigidum
46916,MTD4962,Methanogenium frigidum,Specific Growth,0.0907816,d^-1,1.05e-06,s^-1,4.05175,Celsius,Archaea,Euryarchaeota,Methanomicrobia,Methanomicrobiales,Methanomicrobiaceae,Methanogenium,frigidum,,,Methanogenium frigidum
46917,MTD4962,Methanogenium frigidum,Specific Growth,0.0990008,d^-1,1.15e-06,s^-1,4.04929,Celsius,Archaea,Euryarchaeota,Methanomicrobia,Methanomicrobiales,Methanomicrobiaceae,Methanogenium,frigidum,,,Methanogenium frigidum
46918,MTD4962,Methanogenium frigidum,Specific Growth,0.165,d^-1,1.91e-06,s^-1,9.99443,Celsius,Archaea,Euryarchaeota,Methanomicrobia,Methanomicrobiales,Methanomicrobiaceae,Methanogenium,frigidum,,,Methanogenium frigidum
46919,MTD4962,Methanogenium frigidum,Specific Growth,0.188629,d^-1,2.18e-06,s^-1,9.943489999999999,Celsius,Archaea,Euryarchaeota,Methanomicrobia,Methanomicrobiales,Methanomicrobiaceae,Methanogenium,frigidum,,,Methanogenium frigidum
46920,MTD4962,Methanogenium frigidum,Specific Growth,0.201473,d^-1,2.33e-06,s^-1,9.9835,Celsius,Archaea,Euryarchaeota,Methanomicrobia,Methanomicrobiales,Methanomicrobiaceae,Methanogenium,frigidum,,,Methanogenium frigidum
46921,MTD4962,Methanogenium frigidum,Specific Growth,0.23537800000000003,d^-1,2.72e-06,s^-1,9.97335,Celsius,Archaea,Euryarchaeota,Methanomicrobia,Methanomicrobiales,Methanomicrobiaceae,Methanogenium,frigidum,,,Methanogenium frigidum
46922,MTD4962,Methanogenium frigidum,Specific Growth,0.22890300000000002,d^-1,2.65e-06,s^-1,14.9314,Celsius,Archaea,Euryarchaeota,Methanomicrobia,Methanomicrobiales,Methanomicrobiaceae,Methanogenium,frigidum,,,Methanogenium frigidum
46923,MTD4962,Methanogenium frigidum,Specific Growth,0.215547,d^-1,2.49e-06,s^-1,14.9354,Celsius,Archaea,Euryarchaeota,Methanomicrobia,Methanomicrobiales,Methanomicrobiaceae,Methanogenium,frigidum,,,Methanogenium frigidum
46924,MTD4962,Methanogenium frigidum,Specific Growth,0.21195100000000003,d^-1,2.45e-06,s^-1,14.9365,Celsius,Archaea,Euryarchaeota,Methanomicrobia,Methanomicrobiales,Methanomicrobiaceae,Methanogenium,frigidum,,,Methanogenium frigidum
46925,MTD4962,Methanogenium frigidum,Specific Growth,0.22333699999999998,d^-1,2.58e-06,s^-1,16.9945,Celsius,Archaea,Euryarchaeota,Methanomicrobia,Methanomicrobiales,Methanomicrobiaceae,Methanogenium,frigidum,,,Methanogenium frigidum
46926,MTD4962,Methanogenium frigidum,Specific Growth,0.129327,d^-1,1.5e-06,s^-1,16.9788,Celsius,Archaea,Euryarchaeota,Methanomicrobia,Methanomicrobiales,Methanomicrobiaceae,Methanogenium,frigidum,,,Methanogenium frigidum
46927,MTD4962,Methanogenium frigidum,Specific Growth,0.11751199999999999,d^-1,1.36e-06,s^-1,16.9823,Celsius,Archaea,Euryarchaeota,Methanomicrobia,Methanomicrobiales,Methanomicrobiaceae,Methanogenium,frigidum,,,Methanogenium frigidum
46928,MTD4962,Methanogenium frigidum,Specific Growth,0.11083599999999999,d^-1,1.28e-06,s^-1,17.0282,Celsius,Archaea,Euryarchaeota,Methanomicrobia,Methanomicrobiales,Methanomicrobiaceae,Methanogenium,frigidum,,,Methanogenium frigidum
46929,MTD4962,Methanogenium frigidum,Specific Growth,0.09447660000000001,d^-1,1.09e-06,s^-1,18.9629,Celsius,Archaea,Euryarchaeota,Methanomicrobia,Methanomicrobiales,Methanomicrobiaceae,Methanogenium,frigidum,,,Methanogenium frigidum
46957,MTD4967,Thermococcus fumicolans,specific Growth,0.00376069,h^-1,1.04e-06,s^-1,73.5271,Celsius,Archaea,Euryarchaeota,Thermococci,Thermococcales,Thermococcaceae,Thermococcus,fumicolans,,,Thermococcus fumicolans
46958,MTD4967,Thermococcus fumicolans,specific Growth,0.1534,h^-1,4.26e-05,s^-1,76.5733,Celsius,Archaea,Euryarchaeota,Thermococci,Thermococcales,Thermococcaceae,Thermococcus,fumicolans,,,Thermococcus fumicolans
46959,MTD4967,Thermococcus fumicolans,specific Growth,0.406584,h^-1,0.00011294,s^-1,80.4715,Celsius,Archaea,Euryarchaeota,Thermococci,Thermococcales,Thermococcaceae,Thermococcus,fumicolans,,,Thermococcus fumicolans
46960,MTD4967,Thermococcus fumicolans,specific Growth,0.7225590000000001,h^-1,0.00020071,s^-1,84.0438,Celsius,Archaea,Euryarchaeota,Thermococci,Thermococcales,Thermococcaceae,Thermococcus,fumicolans,,,Thermococcus fumicolans
46961,MTD4967,Thermococcus fumicolans,specific Growth,0.624741,h^-1,0.00017354,s^-1,89.5936,Celsius,Archaea,Euryarchaeota,Thermococci,Thermococcales,Thermococcaceae,Thermococcus,fumicolans,,,Thermococcus fumicolans
46962,MTD4967,Thermococcus fumicolans,specific Growth,0.493043,h^-1,0.00013696,s^-1,94.458,Celsius,Archaea,Euryarchaeota,Thermococci,Thermococcales,Thermococcaceae,Thermococcus,fumicolans,,,Thermococcus fumicolans
46963,MTD4967,Thermococcus fumicolans,specific Growth,0.280467,h^-1,7.79e-05,s^-1,99.2149,Celsius,Archaea,Euryarchaeota,Thermococci,Thermococcales,Thermococcaceae,Thermococcus,fumicolans,,,Thermococcus fumicolans
46964,MTD4967,Thermococcus fumicolans,specific Growth,0.24788600000000002,h^-1,6.890000000000001e-05,s^-1,103.156,Celsius,Archaea,Euryarchaeota,Thermococci,Thermococcales,Thermococcaceae,Thermococcus,fumicolans,,,Thermococcus fumicolans
46965,MTD4967,Thermococcus fumicolans,specific Growth,0.0057346,h^-1,1.59e-06,s^-1,104.559,Celsius,Archaea,Euryarchaeota,Thermococci,Thermococcales,Thermococcaceae,Thermococcus,fumicolans,,,Thermococcus fumicolans
46966,MTD4968,Thermococcus hydrothermalis,specific Growth,0.0819212,h^-1,2.2800000000000002e-05,s^-1,55.1888,Celsius,Archaea,Euryarchaeota,Thermococci,Thermococcales,Thermococcaceae,Thermococcus,hydrothermalis,,,Thermococcus hydrothermalis
46967,MTD4968,Thermococcus hydrothermalis,specific Growth,0.21048200000000003,h^-1,5.85e-05,s^-1,60.1638,Celsius,Archaea,Euryarchaeota,Thermococci,Thermococcales,Thermococcaceae,Thermococcus,hydrothermalis,,,Thermococcus hydrothermalis
46968,MTD4968,Thermococcus hydrothermalis,specific Growth,0.226014,h^-1,6.28e-05,s^-1,64.969,Celsius,Archaea,Euryarchaeota,Thermococci,Thermococcales,Thermococcaceae,Thermococcus,hydrothermalis,,,Thermococcus hydrothermalis
46969,MTD4968,Thermococcus hydrothermalis,specific Growth,0.245763,h^-1,6.829999999999999e-05,s^-1,69.8933,Celsius,Archaea,Euryarchaeota,Thermococci,Thermococcales,Thermococcaceae,Thermococcus,hydrothermalis,,,Thermococcus hydrothermalis
46970,MTD4968,Thermococcus hydrothermalis,specific Growth,0.346149,h^-1,9.620000000000001e-05,s^-1,74.8567,Celsius,Archaea,Euryarchaeota,Thermococci,Thermococcales,Thermococcaceae,Thermococcus,hydrothermalis,,,Thermococcus hydrothermalis
46971,MTD4968,Thermococcus hydrothermalis,specific Growth,0.419336,h^-1,0.00011648,s^-1,79.8486,Celsius,Archaea,Euryarchaeota,Thermococci,Thermococcales,Thermococcaceae,Thermococcus,hydrothermalis,,,Thermococcus hydrothermalis
46972,MTD4968,Thermococcus hydrothermalis,specific Growth,0.36137800000000003,h^-1,0.00010038,s^-1,84.9781,Celsius,Archaea,Euryarchaeota,Thermococci,Thermococcales,Thermococcaceae,Thermococcus,hydrothermalis,,,Thermococcus hydrothermalis
46973,MTD4968,Thermococcus hydrothermalis,specific Growth,0.40639200000000003,h^-1,0.00011289,s^-1,89.9996,Celsius,Archaea,Euryarchaeota,Thermococci,Thermococcales,Thermococcaceae,Thermococcus,hydrothermalis,,,Thermococcus hydrothermalis
46974,MTD4968,Thermococcus hydrothermalis,specific Growth,0.175494,h^-1,4.8700000000000005e-05,s^-1,94.9396,Celsius,Archaea,Euryarchaeota,Thermococci,Thermococcales,Thermococcaceae,Thermococcus,hydrothermalis,,,Thermococcus hydrothermalis
46975,MTD4968,Thermococcus hydrothermalis,specific Growth,0.18650799999999998,h^-1,5.18e-05,s^-1,99.9967,Celsius,Archaea,Euryarchaeota,Thermococci,Thermococcales,Thermococcaceae,Thermococcus,hydrothermalis,,,Thermococcus hydrothermalis
46976,MTD4968,Thermococcus hydrothermalis,specific Growth,0.00224623,h^-1,6.2e-07,s^-1,105.01100000000001,Celsius,Archaea,Euryarchaeota,Thermococci,Thermococcales,Thermococcaceae,Thermococcus,hydrothermalis,,,Thermococcus hydrothermalis
47274,MTD5004,Methanococcus vulcanius,Growth rate,0.00257669,h^-1,7.2e-07,s^-1,48.9398,Celsius,Archaea,Euryarchaeota,Methanococci,Methanococcales,Methanocaldococcaceae,Methanocaldococcus,vulcanius,,,Methanocaldococcus vulcanius
47275,MTD5004,Methanococcus vulcanius,Growth rate,0.028881200000000003,h^-1,8.02e-06,s^-1,50.0873,Celsius,Archaea,Euryarchaeota,Methanococci,Methanococcales,Methanocaldococcaceae,Methanocaldococcus,vulcanius,,,Methanocaldococcus vulcanius
47276,MTD5004,Methanococcus vulcanius,Growth rate,0.09595269999999999,h^-1,2.6700000000000002e-05,s^-1,54.9797,Celsius,Archaea,Euryarchaeota,Methanococci,Methanococcales,Methanocaldococcaceae,Methanocaldococcus,vulcanius,,,Methanocaldococcus vulcanius
47277,MTD5004,Methanococcus vulcanius,Growth rate,0.2012,h^-1,5.59e-05,s^-1,59.7625,Celsius,Archaea,Euryarchaeota,Methanococci,Methanococcales,Methanocaldococcaceae,Methanocaldococcus,vulcanius,,,Methanocaldococcus vulcanius
47278,MTD5004,Methanococcus vulcanius,Growth rate,0.360761,h^-1,0.00010021,s^-1,64.8157,Celsius,Archaea,Euryarchaeota,Methanococci,Methanococcales,Methanocaldococcaceae,Methanocaldococcus,vulcanius,,,Methanocaldococcus vulcanius
47279,MTD5004,Methanococcus vulcanius,Growth rate,0.56865,h^-1,0.00015796,s^-1,70.4303,Celsius,Archaea,Euryarchaeota,Methanococci,Methanococcales,Methanocaldococcaceae,Methanocaldococcus,vulcanius,,,Methanocaldococcus vulcanius
47280,MTD5004,Methanococcus vulcanius,Growth rate,0.70798,h^-1,0.00019666,s^-1,74.623,Celsius,Archaea,Euryarchaeota,Methanococci,Methanococcales,Methanocaldococcaceae,Methanocaldococcus,vulcanius,,,Methanocaldococcus vulcanius
47281,MTD5004,Methanococcus vulcanius,Growth rate,0.793142,h^-1,0.00022032,s^-1,79.5092,Celsius,Archaea,Euryarchaeota,Methanococci,Methanococcales,Methanocaldococcaceae,Methanocaldococcus,vulcanius,,,Methanocaldococcus vulcanius
47282,MTD5004,Methanococcus vulcanius,Growth rate,0.566751,h^-1,0.00015743,s^-1,84.5033,Celsius,Archaea,Euryarchaeota,Methanococci,Methanococcales,Methanocaldococcaceae,Methanocaldococcus,vulcanius,,,Methanocaldococcus vulcanius
47283,MTD5004,Methanococcus vulcanius,Growth rate,0.20143699999999998,h^-1,5.6000000000000006e-05,s^-1,88.0034,Celsius,Archaea,Euryarchaeota,Methanococci,Methanococcales,Methanocaldococcaceae,Methanocaldococcus,vulcanius,,,Methanocaldococcus vulcanius
47284,MTD5004,Methanococcus vulcanius,Growth rate,0.026755,h^-1,7.43e-06,s^-1,89.31700000000001,Celsius,Archaea,Euryarchaeota,Methanococci,Methanococcales,Methanocaldococcaceae,Methanocaldococcus,vulcanius,,,Methanocaldococcus vulcanius
47285,MTD5004,Methanococcus vulcanius,Growth rate,0.00674202,h^-1,1.87e-06,s^-1,89.9022,Celsius,Archaea,Euryarchaeota,Methanococci,Methanococcales,Methanocaldococcaceae,Methanocaldococcus,vulcanius,,,Methanocaldococcus vulcanius
47297,MTD5007,Methanococcus jannaschii,Growth Rate,0.186013,h^-1,5.17e-05,s^-1,51.2012,Celsius,Archaea,Euryarchaeota,Methanococci,Methanococcales,Methanocaldococcaceae,Methanocaldococcus,jannaschii,,,Methanocaldococcus jannaschii
47298,MTD5007,Methanococcus jannaschii,Growth Rate,0.258181,h^-1,7.170000000000001e-05,s^-1,56.0508,Celsius,Archaea,Euryarchaeota,Methanococci,Methanococcales,Methanocaldococcaceae,Methanocaldococcus,jannaschii,,,Methanocaldococcus jannaschii
47299,MTD5007,Methanococcus jannaschii,Growth Rate,0.36585700000000004,h^-1,0.00010163,s^-1,60.9791,Celsius,Archaea,Euryarchaeota,Methanococci,Methanococcales,Methanocaldococcaceae,Methanocaldococcus,jannaschii,,,Methanocaldococcus jannaschii
47300,MTD5007,Methanococcus jannaschii,Growth Rate,0.764479,h^-1,0.00021236,s^-1,70.277,Celsius,Archaea,Euryarchaeota,Methanococci,Methanococcales,Methanocaldococcaceae,Methanocaldococcus,jannaschii,,,Methanocaldococcus jannaschii
47301,MTD5007,Methanococcus jannaschii,Growth Rate,1.15339,h^-1,0.00032039,s^-1,75.5411,Celsius,Archaea,Euryarchaeota,Methanococci,Methanococcales,Methanocaldococcaceae,Methanocaldococcus,jannaschii,,,Methanocaldococcus jannaschii
47302,MTD5007,Methanococcus jannaschii,Growth Rate,1.32346,h^-1,0.00036763,s^-1,82.2384,Celsius,Archaea,Euryarchaeota,Methanococci,Methanococcales,Methanocaldococcaceae,Methanocaldococcus,jannaschii,,,Methanocaldococcus jannaschii
47303,MTD5007,Methanococcus jannaschii,Growth Rate,1.43688,h^-1,0.00039913,s^-1,86.2145,Celsius,Archaea,Euryarchaeota,Methanococci,Methanococcales,Methanocaldococcaceae,Methanocaldococcus,jannaschii,,,Methanocaldococcus jannaschii
47304,MTD5007,Methanococcus jannaschii,Growth Rate,0.018474200000000003,h^-1,5.13e-06,s^-1,99.8562,Celsius,Archaea,Euryarchaeota,Methanococci,Methanococcales,Methanocaldococcaceae,Methanocaldococcus,jannaschii,,,Methanocaldococcus jannaschii
47363,MTD5015,Methanobacterium subterraneum,Growth Rate,0.031700099999999995,h^-1,8.81e-06,s^-1,3.60868,Celsius,Archaea,Euryarchaeota,Methanobacteria,Methanobacteriales,Methanobacteriaceae,Methanobacterium,subterraneum,,,Methanobacterium subterraneum
47364,MTD5015,Methanobacterium subterraneum,Growth Rate,0.0517425,h^-1,1.4400000000000001e-05,s^-1,13.0588,Celsius,Archaea,Euryarchaeota,Methanobacteria,Methanobacteriales,Methanobacteriaceae,Methanobacterium,subterraneum,,,Methanobacterium subterraneum
47365,MTD5015,Methanobacterium subterraneum,Growth Rate,0.061778,h^-1,1.7199999999999998e-05,s^-1,16.9395,Celsius,Archaea,Euryarchaeota,Methanobacteria,Methanobacteriales,Methanobacteriaceae,Methanobacterium,subterraneum,,,Methanobacterium subterraneum
47366,MTD5015,Methanobacterium subterraneum,Growth Rate,0.0783956,h^-1,2.18e-05,s^-1,19.8312,Celsius,Archaea,Euryarchaeota,Methanobacteria,Methanobacteriales,Methanobacteriaceae,Methanobacterium,subterraneum,,,Methanobacterium subterraneum
47367,MTD5015,Methanobacterium subterraneum,Growth Rate,0.114169,h^-1,3.17e-05,s^-1,24.8213,Celsius,Archaea,Euryarchaeota,Methanobacteria,Methanobacteriales,Methanobacteriaceae,Methanobacterium,subterraneum,,,Methanobacterium subterraneum
47368,MTD5015,Methanobacterium subterraneum,Growth Rate,0.128223,h^-1,3.5600000000000005e-05,s^-1,29.9961,Celsius,Archaea,Euryarchaeota,Methanobacteria,Methanobacteriales,Methanobacteriaceae,Methanobacterium,subterraneum,,,Methanobacterium subterraneum
47369,MTD5015,Methanobacterium subterraneum,Growth Rate,0.129623,h^-1,3.6e-05,s^-1,36.8513,Celsius,Archaea,Euryarchaeota,Methanobacteria,Methanobacteriales,Methanobacteriaceae,Methanobacterium,subterraneum,,,Methanobacterium subterraneum
47370,MTD5015,Methanobacterium subterraneum,Growth Rate,0.130076,h^-1,3.6099999999999997e-05,s^-1,39.931,Celsius,Archaea,Euryarchaeota,Methanobacteria,Methanobacteriales,Methanobacteriaceae,Methanobacterium,subterraneum,,,Methanobacterium subterraneum
47371,MTD5015,Methanobacterium subterraneum,Growth Rate,0.06837689999999999,h^-1,1.9e-05,s^-1,44.9571,Celsius,Archaea,Euryarchaeota,Methanobacteria,Methanobacteriales,Methanobacteriaceae,Methanobacterium,subterraneum,,,Methanobacterium subterraneum
47686,MTD5047,Thermococcus barophilus,specific Growth,0.411721,h^-1,0.00011436700000000001,s^-1,74.9757,Celsius,Archaea,Euryarchaeota,Thermococci,Thermococcales,Thermococcaceae,Thermococcus,barophilus,,,Thermococcus barophilus
47687,MTD5047,Thermococcus barophilus,specific Growth,0.781749,h^-1,0.00021715299999999999,s^-1,79.9191,Celsius,Archaea,Euryarchaeota,Thermococci,Thermococcales,Thermococcaceae,Thermococcus,barophilus,,,Thermococcus barophilus
47688,MTD5047,Thermococcus barophilus,specific Growth,1.56251,h^-1,0.000434031,s^-1,84.9413,Celsius,Archaea,Euryarchaeota,Thermococci,Thermococcales,Thermococcaceae,Thermococcus,barophilus,,,Thermococcus barophilus
47689,MTD5047,Thermococcus barophilus,specific Growth,1.16469,h^-1,0.000323525,s^-1,89.9306,Celsius,Archaea,Euryarchaeota,Thermococci,Thermococcales,Thermococcaceae,Thermococcus,barophilus,,,Thermococcus barophilus
47690,MTD5047,Thermococcus barophilus,specific Growth,0.766868,h^-1,0.000213019,s^-1,94.92,Celsius,Archaea,Euryarchaeota,Thermococci,Thermococcales,Thermococcaceae,Thermococcus,barophilus,,,Thermococcus barophilus
47691,MTD5047,Thermococcus barophilus,specific Growth,0.755579,h^-1,0.00020988299999999998,s^-1,98.0241,Celsius,Archaea,Euryarchaeota,Thermococci,Thermococcales,Thermococcaceae,Thermococcus,barophilus,,,Thermococcus barophilus
47692,MTD5047,Thermococcus barophilus,specific Growth,0.0595504,h^-1,1.65e-05,s^-1,100.031,Celsius,Archaea,Euryarchaeota,Thermococci,Thermococcales,Thermococcaceae,Thermococcus,barophilus,,,Thermococcus barophilus
47693,MTD5048,Methanohalophilus portucalensis,Growth Rate,0.00603688,h^-1,1.68e-06,s^-1,20.0483,Celsius,Archaea,Euryarchaeota,Methanomicrobia,Methanosarcinales,Methanosarcinaceae,Methanohalophilus,portucalensis,,,Methanohalophilus portucalensis
47694,MTD5048,Methanohalophilus portucalensis,Growth Rate,0.0237395,h^-1,6.59e-06,s^-1,24.8713,Celsius,Archaea,Euryarchaeota,Methanomicrobia,Methanosarcinales,Methanosarcinaceae,Methanohalophilus,portucalensis,,,Methanohalophilus portucalensis
47695,MTD5048,Methanohalophilus portucalensis,Growth Rate,0.03399,h^-1,9.44e-06,s^-1,29.828000000000003,Celsius,Archaea,Euryarchaeota,Methanomicrobia,Methanosarcinales,Methanosarcinaceae,Methanohalophilus,portucalensis,,,Methanohalophilus portucalensis
47696,MTD5048,Methanohalophilus portucalensis,Growth Rate,0.057960000000000005,h^-1,1.6100000000000002e-05,s^-1,36.6892,Celsius,Archaea,Euryarchaeota,Methanomicrobia,Methanosarcinales,Methanosarcinaceae,Methanohalophilus,portucalensis,,,Methanohalophilus portucalensis
47697,MTD5048,Methanohalophilus portucalensis,Growth Rate,0.0459716,h^-1,1.28e-05,s^-1,39.7954,Celsius,Archaea,Euryarchaeota,Methanomicrobia,Methanosarcinales,Methanosarcinaceae,Methanohalophilus,portucalensis,,,Methanohalophilus portucalensis
47698,MTD5048,Methanohalophilus portucalensis,Growth Rate,0.000129082,h^-1,4e-08,s^-1,44.8477,Celsius,Archaea,Euryarchaeota,Methanomicrobia,Methanosarcinales,Methanosarcinaceae,Methanohalophilus,portucalensis,,,Methanohalophilus portucalensis
47753,MTD5054,Methanoculleus submarinus,Specific Growth Rate,0.00581568,h^-1,1.62e-06,s^-1,14.8989,Celsius,Archaea,Euryarchaeota,Methanomicrobia,Methanomicrobiales,Methanomicrobiaceae,Methanoculleus,submarinus,,,Methanoculleus submarinus
47754,MTD5054,Methanoculleus submarinus,Specific Growth Rate,0.00470456,h^-1,1.31e-06,s^-1,14.9,Celsius,Archaea,Euryarchaeota,Methanomicrobia,Methanomicrobiales,Methanomicrobiaceae,Methanoculleus,submarinus,,,Methanoculleus submarinus
47755,MTD5054,Methanoculleus submarinus,Specific Growth Rate,0.00331566,h^-1,9.2e-07,s^-1,14.9015,Celsius,Archaea,Euryarchaeota,Methanomicrobia,Methanomicrobiales,Methanomicrobiaceae,Methanoculleus,submarinus,,,Methanoculleus submarinus
47756,MTD5054,Methanoculleus submarinus,Specific Growth Rate,0.0101382,h^-1,2.82e-06,s^-1,19.7613,Celsius,Archaea,Euryarchaeota,Methanomicrobia,Methanomicrobiales,Methanomicrobiaceae,Methanoculleus,submarinus,,,Methanoculleus submarinus
47757,MTD5054,Methanoculleus submarinus,Specific Growth Rate,0.0115271,h^-1,3.2e-06,s^-1,19.7599,Celsius,Archaea,Euryarchaeota,Methanomicrobia,Methanomicrobiales,Methanomicrobiaceae,Methanoculleus,submarinus,,,Methanoculleus submarinus
47758,MTD5054,Methanoculleus submarinus,Specific Growth Rate,0.012916,h^-1,3.59e-06,s^-1,19.7584,Celsius,Archaea,Euryarchaeota,Methanomicrobia,Methanomicrobiales,Methanomicrobiaceae,Methanoculleus,submarinus,,,Methanoculleus submarinus
47759,MTD5054,Methanoculleus submarinus,Specific Growth Rate,0.0252948,h^-1,7.03e-06,s^-1,24.8406,Celsius,Archaea,Euryarchaeota,Methanomicrobia,Methanomicrobiales,Methanomicrobiaceae,Methanoculleus,submarinus,,,Methanoculleus submarinus
47760,MTD5054,Methanoculleus submarinus,Specific Growth Rate,0.025850400000000003,h^-1,7.18e-06,s^-1,24.84,Celsius,Archaea,Euryarchaeota,Methanomicrobia,Methanomicrobiales,Methanomicrobiaceae,Methanoculleus,submarinus,,,Methanoculleus submarinus
47761,MTD5054,Methanoculleus submarinus,Specific Growth Rate,0.025850400000000003,h^-1,7.18e-06,s^-1,24.84,Celsius,Archaea,Euryarchaeota,Methanomicrobia,Methanomicrobiales,Methanomicrobiaceae,Methanoculleus,submarinus,,,Methanoculleus submarinus
47762,MTD5054,Methanoculleus submarinus,Specific Growth Rate,0.0404518,h^-1,1.12e-05,s^-1,29.9959,Celsius,Archaea,Euryarchaeota,Methanomicrobia,Methanomicrobiales,Methanomicrobiaceae,Methanoculleus,submarinus,,,Methanoculleus submarinus
47763,MTD5054,Methanoculleus submarinus,Specific Growth Rate,0.0433685,h^-1,1.2e-05,s^-1,29.9929,Celsius,Archaea,Euryarchaeota,Methanomicrobia,Methanomicrobiales,Methanomicrobiaceae,Methanoculleus,submarinus,,,Methanoculleus submarinus
47764,MTD5054,Methanoculleus submarinus,Specific Growth Rate,0.0447574,h^-1,1.24e-05,s^-1,29.9914,Celsius,Archaea,Euryarchaeota,Methanomicrobia,Methanomicrobiales,Methanomicrobiaceae,Methanoculleus,submarinus,,,Methanoculleus submarinus
47765,MTD5054,Methanoculleus submarinus,Specific Growth Rate,0.07908739999999999,h^-1,2.2e-05,s^-1,36.9519,Celsius,Archaea,Euryarchaeota,Methanomicrobia,Methanomicrobiales,Methanomicrobiaceae,Methanoculleus,submarinus,,,Methanoculleus submarinus
47766,MTD5054,Methanoculleus submarinus,Specific Growth Rate,0.0871428,h^-1,2.42e-05,s^-1,36.8675,Celsius,Archaea,Euryarchaeota,Methanomicrobia,Methanomicrobiales,Methanomicrobiaceae,Methanoculleus,submarinus,,,Methanoculleus submarinus
47767,MTD5054,Methanoculleus submarinus,Specific Growth Rate,0.0875592,h^-1,2.4299999999999998e-05,s^-1,36.791,Celsius,Archaea,Euryarchaeota,Methanomicrobia,Methanomicrobiales,Methanomicrobiaceae,Methanoculleus,submarinus,,,Methanoculleus submarinus
47768,MTD5054,Methanoculleus submarinus,Specific Growth Rate,0.0945314,h^-1,2.6300000000000002e-05,s^-1,44.7685,Celsius,Archaea,Euryarchaeota,Methanomicrobia,Methanomicrobiales,Methanomicrobiaceae,Methanoculleus,submarinus,,,Methanoculleus submarinus
47769,MTD5054,Methanoculleus submarinus,Specific Growth Rate,0.096337,h^-1,2.68e-05,s^-1,44.7666,Celsius,Archaea,Euryarchaeota,Methanomicrobia,Methanomicrobiales,Methanomicrobiaceae,Methanoculleus,submarinus,,,Methanoculleus submarinus
47770,MTD5054,Methanoculleus submarinus,Specific Growth Rate,0.103004,h^-1,2.8600000000000004e-05,s^-1,44.7597,Celsius,Archaea,Euryarchaeota,Methanomicrobia,Methanomicrobiales,Methanomicrobiaceae,Methanoculleus,submarinus,,,Methanoculleus submarinus
47771,MTD5054,Methanoculleus submarinus,Specific Growth Rate,0.110226,h^-1,3.06e-05,s^-1,44.7522,Celsius,Archaea,Euryarchaeota,Methanomicrobia,Methanomicrobiales,Methanomicrobiaceae,Methanoculleus,submarinus,,,Methanoculleus submarinus
47772,MTD5054,Methanoculleus submarinus,Specific Growth Rate,0.035381800000000005,h^-1,9.83e-06,s^-1,49.8491,Celsius,Archaea,Euryarchaeota,Methanomicrobia,Methanomicrobiales,Methanomicrobiaceae,Methanoculleus,submarinus,,,Methanoculleus submarinus
47773,MTD5054,Methanoculleus submarinus,Specific Growth Rate,0.0299653,h^-1,8.32e-06,s^-1,49.9308,Celsius,Archaea,Euryarchaeota,Methanomicrobia,Methanomicrobiales,Methanomicrobiaceae,Methanoculleus,submarinus,,,Methanoculleus submarinus
47774,MTD5054,Methanoculleus submarinus,Specific Growth Rate,0.00012093399999999999,h^-1,3e-08,s^-1,54.8288,Celsius,Archaea,Euryarchaeota,Methanomicrobia,Methanomicrobiales,Methanomicrobiaceae,Methanoculleus,submarinus,,,Methanoculleus submarinus
47775,MTD5054,Methanoculleus submarinus,Specific Growth Rate,0.00012093399999999999,h^-1,3e-08,s^-1,54.8288,Celsius,Archaea,Euryarchaeota,Methanomicrobia,Methanomicrobiales,Methanomicrobiaceae,Methanoculleus,submarinus,,,Methanoculleus submarinus
47776,MTD5054,Methanoculleus submarinus,Specific Growth Rate,0.00012093399999999999,h^-1,3e-08,s^-1,54.8288,Celsius,Archaea,Euryarchaeota,Methanomicrobia,Methanomicrobiales,Methanomicrobiaceae,Methanoculleus,submarinus,,,Methanoculleus submarinus
48458,MTD5113,Stygiolobus azoricus,specific Growth,0.0011254000000000001,h^-1,3.1e-07,s^-1,54.7009,Celsius,Archaea,Crenarchaeota,Thermoprotei,Sulfolobales,Sulfolobaceae,Stygiolobus,azoricus,,,Stygiolobus azoricus
48459,MTD5113,Stygiolobus azoricus,specific Growth,0.0210611,h^-1,5.85e-06,s^-1,60.0427,Celsius,Archaea,Crenarchaeota,Thermoprotei,Sulfolobales,Sulfolobaceae,Stygiolobus,azoricus,,,Stygiolobus azoricus
48460,MTD5113,Stygiolobus azoricus,specific Growth,0.0583601,h^-1,1.62e-05,s^-1,65.3846,Celsius,Archaea,Crenarchaeota,Thermoprotei,Sulfolobales,Sulfolobaceae,Stygiolobus,azoricus,,,Stygiolobus azoricus
48461,MTD5113,Stygiolobus azoricus,specific Growth,0.133601,h^-1,3.71e-05,s^-1,70.1923,Celsius,Archaea,Crenarchaeota,Thermoprotei,Sulfolobales,Sulfolobaceae,Stygiolobus,azoricus,,,Stygiolobus azoricus
48462,MTD5113,Stygiolobus azoricus,specific Growth,0.20241199999999998,h^-1,5.6200000000000004e-05,s^-1,75.1068,Celsius,Archaea,Crenarchaeota,Thermoprotei,Sulfolobales,Sulfolobaceae,Stygiolobus,azoricus,,,Stygiolobus azoricus
48463,MTD5113,Stygiolobus azoricus,specific Growth,0.240997,h^-1,6.69e-05,s^-1,80.0214,Celsius,Archaea,Crenarchaeota,Thermoprotei,Sulfolobales,Sulfolobaceae,Stygiolobus,azoricus,,,Stygiolobus azoricus
48464,MTD5113,Stygiolobus azoricus,specific Growth,0.183119,h^-1,5.0900000000000004e-05,s^-1,85.1496,Celsius,Archaea,Crenarchaeota,Thermoprotei,Sulfolobales,Sulfolobaceae,Stygiolobus,azoricus,,,Stygiolobus azoricus
48465,MTD5113,Stygiolobus azoricus,specific Growth,0.140032,h^-1,3.8900000000000004e-05,s^-1,86.5385,Celsius,Archaea,Crenarchaeota,Thermoprotei,Sulfolobales,Sulfolobaceae,Stygiolobus,azoricus,,,Stygiolobus azoricus
48466,MTD5113,Stygiolobus azoricus,specific Growth,0.10916400000000001,h^-1,3.0299999999999998e-05,s^-1,87.2863,Celsius,Archaea,Crenarchaeota,Thermoprotei,Sulfolobales,Sulfolobaceae,Stygiolobus,azoricus,,,Stygiolobus azoricus
48467,MTD5113,Stygiolobus azoricus,specific Growth,0.012701,h^-1,3.53e-06,s^-1,88.6752,Celsius,Archaea,Crenarchaeota,Thermoprotei,Sulfolobales,Sulfolobaceae,Stygiolobus,azoricus,,,Stygiolobus azoricus
48468,MTD5113,Stygiolobus azoricus,specific Growth,0.00241158,h^-1,6.7e-07,s^-1,89.3162,Celsius,Archaea,Crenarchaeota,Thermoprotei,Sulfolobales,Sulfolobaceae,Stygiolobus,azoricus,,,Stygiolobus azoricus
48623,MTD5130,Methanothermococcus okinawensis,Specific Growth,0.15834,h^-1,4.4e-05,s^-1,39.897,Celsius,Archaea,Euryarchaeota,Methanococci,Methanococcales,Methanococcaceae,Methanothermococcus,okinawensis,,,Methanothermococcus okinawensis
48624,MTD5130,Methanothermococcus okinawensis,Specific Growth,0.380073,h^-1,0.000106,s^-1,49.0662,Celsius,Archaea,Euryarchaeota,Methanococci,Methanococcales,Methanococcaceae,Methanothermococcus,okinawensis,,,Methanothermococcus okinawensis
48625,MTD5130,Methanothermococcus okinawensis,Specific Growth,0.628854,h^-1,0.000175,s^-1,55.0083,Celsius,Archaea,Euryarchaeota,Methanococci,Methanococcales,Methanococcaceae,Methanothermococcus,okinawensis,,,Methanothermococcus okinawensis
48626,MTD5130,Methanothermococcus okinawensis,Specific Growth,1.12566,h^-1,0.00031299999999999996,s^-1,61.9822,Celsius,Archaea,Euryarchaeota,Methanococci,Methanococcales,Methanococcaceae,Methanothermococcus,okinawensis,,,Methanothermococcus okinawensis
48627,MTD5130,Methanothermococcus okinawensis,Specific Growth,1.02284,h^-1,0.00028399999999999996,s^-1,64.9921,Celsius,Archaea,Euryarchaeota,Methanococci,Methanococcales,Methanococcaceae,Methanothermococcus,okinawensis,,,Methanothermococcus okinawensis
48628,MTD5130,Methanothermococcus okinawensis,Specific Growth,0.9295100000000001,h^-1,0.000258,s^-1,69.9953,Celsius,Archaea,Euryarchaeota,Methanococci,Methanococcales,Methanococcaceae,Methanothermococcus,okinawensis,,,Methanothermococcus okinawensis
48629,MTD5130,Methanothermococcus okinawensis,Specific Growth,0.407003,h^-1,0.000113,s^-1,75.0719,Celsius,Archaea,Euryarchaeota,Methanococci,Methanococcales,Methanococcaceae,Methanothermococcus,okinawensis,,,Methanothermococcus okinawensis
48685,MTD5138,Pyrococcus glycovorans,Mean Growth Rate,0.05058,h-1,1.4099999999999999e-05,s^-1,75.0177,Celsius,Archaea,Euryarchaeota,Thermococci,Thermococcales,Thermococcaceae,Pyrococcus,glycovorans,,,Pyrococcus glycovorans
48686,MTD5138,Pyrococcus glycovorans,Mean Growth Rate,0.075638,h-1,2.1e-05,s^-1,79.7526,Celsius,Archaea,Euryarchaeota,Thermococci,Thermococcales,Thermococcaceae,Pyrococcus,glycovorans,,,Pyrococcus glycovorans
48687,MTD5138,Pyrococcus glycovorans,Mean Growth Rate,0.0487239,h-1,1.3500000000000001e-05,s^-1,81.1661,Celsius,Archaea,Euryarchaeota,Thermococci,Thermococcales,Thermococcaceae,Pyrococcus,glycovorans,,,Pyrococcus glycovorans
48688,MTD5138,Pyrococcus glycovorans,Mean Growth Rate,0.131787,h-1,3.66e-05,s^-1,84.6996,Celsius,Archaea,Euryarchaeota,Thermococci,Thermococcales,Thermococcaceae,Pyrococcus,glycovorans,,,Pyrococcus glycovorans
48689,MTD5138,Pyrococcus glycovorans,Mean Growth Rate,0.12204200000000001,h-1,3.39e-05,s^-1,84.6996,Celsius,Archaea,Euryarchaeota,Thermococci,Thermococcales,Thermococcaceae,Pyrococcus,glycovorans,,,Pyrococcus glycovorans
48690,MTD5138,Pyrococcus glycovorans,Mean Growth Rate,0.138747,h-1,3.85e-05,s^-1,89.788,Celsius,Archaea,Euryarchaeota,Thermococci,Thermococcales,Thermococcaceae,Pyrococcus,glycovorans,,,Pyrococcus glycovorans
48691,MTD5138,Pyrococcus glycovorans,Mean Growth Rate,0.125754,h-1,3.4899999999999995e-05,s^-1,90.9187,Celsius,Archaea,Euryarchaeota,Thermococci,Thermococcales,Thermococcaceae,Pyrococcus,glycovorans,,,Pyrococcus glycovorans
48692,MTD5138,Pyrococcus glycovorans,Mean Growth Rate,0.158237,h-1,4.4e-05,s^-1,95.3004,Celsius,Archaea,Euryarchaeota,Thermococci,Thermococcales,Thermococcaceae,Pyrococcus,glycovorans,,,Pyrococcus glycovorans
48693,MTD5138,Pyrococcus glycovorans,Mean Growth Rate,0.191647,h-1,5.3200000000000006e-05,s^-1,95.7951,Celsius,Archaea,Euryarchaeota,Thermococci,Thermococcales,Thermococcaceae,Pyrococcus,glycovorans,,,Pyrococcus glycovorans
48694,MTD5138,Pyrococcus glycovorans,Mean Growth Rate,0.11136900000000001,h-1,3.09e-05,s^-1,99.6113,Celsius,Archaea,Euryarchaeota,Thermococci,Thermococcales,Thermococcaceae,Pyrococcus,glycovorans,,,Pyrococcus glycovorans
48695,MTD5138,Pyrococcus glycovorans,Mean Growth Rate,0.100232,h-1,2.78e-05,s^-1,100.742,Celsius,Archaea,Euryarchaeota,Thermococci,Thermococcales,Thermococcaceae,Pyrococcus,glycovorans,,,Pyrococcus glycovorans
48696,MTD5138,Pyrococcus glycovorans,Mean Growth Rate,0.03433869999999999,h-1,9.54e-06,s^-1,103.286,Celsius,Archaea,Euryarchaeota,Thermococci,Thermococcales,Thermococcaceae,Pyrococcus,glycovorans,,,Pyrococcus glycovorans
48697,MTD5138,Pyrococcus glycovorans,Mean Growth Rate,0.033874699999999994,h-1,9.41e-06,s^-1,103.781,Celsius,Archaea,Euryarchaeota,Thermococci,Thermococcales,Thermococcaceae,Pyrococcus,glycovorans,,,Pyrococcus glycovorans
49365,MTD5226,Thermococcus siculi,Growth Rate (1/h),0.199459,h-1,5.539999999999999e-05,s^-1,69.965,Celsius,Archaea,Euryarchaeota,Thermococci,Thermococcales,Thermococcaceae,Thermococcus,siculi,,,Thermococcus siculi
49366,MTD5226,Thermococcus siculi,Growth Rate (1/h),0.243714,h-1,6.77e-05,s^-1,75.0608,Celsius,Archaea,Euryarchaeota,Thermococci,Thermococcales,Thermococcaceae,Thermococcus,siculi,,,Thermococcus siculi
49367,MTD5226,Thermococcus siculi,Growth Rate (1/h),0.286704,h-1,7.96e-05,s^-1,79.8826,Celsius,Archaea,Euryarchaeota,Thermococci,Thermococcales,Thermococcaceae,Thermococcus,siculi,,,Thermococcus siculi
49368,MTD5226,Thermococcus siculi,Growth Rate (1/h),0.31771,h-1,8.83e-05,s^-1,84.9802,Celsius,Archaea,Euryarchaeota,Thermococci,Thermococcales,Thermococcaceae,Thermococcus,siculi,,,Thermococcus siculi
49369,MTD5226,Thermococcus siculi,Growth Rate (1/h),0.216856,h-1,6.02e-05,s^-1,90.0958,Celsius,Archaea,Euryarchaeota,Thermococci,Thermococcales,Thermococcaceae,Thermococcus,siculi,,,Thermococcus siculi
49370,MTD5226,Thermococcus siculi,Growth Rate (1/h),0.00117184,h-1,3.3e-07,s^-1,95.0077,Celsius,Archaea,Euryarchaeota,Thermococci,Thermococcales,Thermococcaceae,Thermococcus,siculi,,,Thermococcus siculi
49722,MTD5247,Methanopyrus kandleri,Specific Growth Rate,0.00258061,h-1,7.2e-07,s^-1,80.1462,Celsius,Archaea,Euryarchaeota,Methanopyri,Methanopyrales,Methanopyraceae,Methanopyrus,kandleri,,,Methanopyrus kandleri
49723,MTD5247,Methanopyrus kandleri,Specific Growth Rate,0.00100062,h-1,2.8e-07,s^-1,85.1082,Celsius,Archaea,Euryarchaeota,Methanopyri,Methanopyrales,Methanopyraceae,Methanopyrus,kandleri,,,Methanopyrus kandleri
49724,MTD5247,Methanopyrus kandleri,Specific Growth Rate,0.10556700000000001,h-1,2.9299999999999997e-05,s^-1,90.1275,Celsius,Archaea,Euryarchaeota,Methanopyri,Methanopyrales,Methanopyraceae,Methanopyrus,kandleri,,,Methanopyrus kandleri
49725,MTD5247,Methanopyrus kandleri,Specific Growth Rate,0.417257,h-1,0.00011591,s^-1,95.115,Celsius,Archaea,Euryarchaeota,Methanopyri,Methanopyrales,Methanopyraceae,Methanopyrus,kandleri,,,Methanopyrus kandleri
49726,MTD5247,Methanopyrus kandleri,Specific Growth Rate,0.624092,h-1,0.00017336,s^-1,100.094,Celsius,Archaea,Euryarchaeota,Methanopyri,Methanopyrales,Methanopyraceae,Methanopyrus,kandleri,,,Methanopyrus kandleri
49727,MTD5247,Methanopyrus kandleri,Specific Growth Rate,0.696296,h-1,0.00019342,s^-1,105.111,Celsius,Archaea,Euryarchaeota,Methanopyri,Methanopyrales,Methanopyraceae,Methanopyrus,kandleri,,,Methanopyrus kandleri
49728,MTD5247,Methanopyrus kandleri,Specific Growth Rate,0.55102,h-1,0.00015306,s^-1,110.15799999999999,Celsius,Archaea,Euryarchaeota,Methanopyri,Methanopyrales,Methanopyraceae,Methanopyrus,kandleri,,,Methanopyrus kandleri
49729,MTD5247,Methanopyrus kandleri,Specific Growth Rate,0.31395500000000004,h-1,8.72e-05,s^-1,113.10700000000001,Celsius,Archaea,Euryarchaeota,Methanopyri,Methanopyrales,Methanopyraceae,Methanopyrus,kandleri,,,Methanopyrus kandleri
49730,MTD5247,Methanopyrus kandleri,Specific Growth Rate,0.163625,h-1,4.55e-05,s^-1,116.01299999999999,Celsius,Archaea,Euryarchaeota,Methanopyri,Methanopyrales,Methanopyraceae,Methanopyrus,kandleri,,,Methanopyrus kandleri
49731,MTD5247,Methanopyrus kandleri,Specific Growth Rate,0.0767143,h-1,2.13e-05,s^-1,119.12,Celsius,Archaea,Euryarchaeota,Methanopyri,Methanopyrales,Methanopyraceae,Methanopyrus,kandleri,,,Methanopyrus kandleri
49732,MTD5247,Methanopyrus kandleri,Specific Growth Rate,0.059779399999999996,h-1,1.66e-05,s^-1,120.96700000000001,Celsius,Archaea,Euryarchaeota,Methanopyri,Methanopyrales,Methanopyraceae,Methanopyrus,kandleri,,,Methanopyrus kandleri
49733,MTD5247,Methanopyrus kandleri,Specific Growth Rate,0.053245400000000005,h-1,1.4800000000000002e-05,s^-1,122.037,Celsius,Archaea,Euryarchaeota,Methanopyri,Methanopyrales,Methanopyraceae,Methanopyrus,kandleri,,,Methanopyrus kandleri
49734,MTD5247,Methanopyrus kandleri,Specific Growth Rate,0.00793215,h-1,2.2e-06,s^-1,122.13,Celsius,Archaea,Euryarchaeota,Methanopyri,Methanopyrales,Methanopyraceae,Methanopyrus,kandleri,,,Methanopyrus kandleri
49735,MTD5248,Methanopyrus kandleri,Specific Growth Rate,0.00516402,h-1,1.43e-06,s^-1,80.2437,Celsius,Archaea,Euryarchaeota,Methanopyri,Methanopyrales,Methanopyraceae,Methanopyrus,kandleri,,,Methanopyrus kandleri
49736,MTD5248,Methanopyrus kandleri,Specific Growth Rate,0.11620899999999999,h-1,3.229999999999999e-05,s^-1,85.1662,Celsius,Archaea,Euryarchaeota,Methanopyri,Methanopyrales,Methanopyraceae,Methanopyrus,kandleri,,,Methanopyrus kandleri
49737,MTD5248,Methanopyrus kandleri,Specific Growth Rate,0.269966,h-1,7.5e-05,s^-1,90.1895,Celsius,Archaea,Euryarchaeota,Methanopyri,Methanopyrales,Methanopyraceae,Methanopyrus,kandleri,,,Methanopyrus kandleri
49738,MTD5248,Methanopyrus kandleri,Specific Growth Rate,0.41726,h-1,0.00011591,s^-1,95.0663,Celsius,Archaea,Euryarchaeota,Methanopyri,Methanopyrales,Methanopyraceae,Methanopyrus,kandleri,,,Methanopyrus kandleri
49739,MTD5248,Methanopyrus kandleri,Specific Growth Rate,0.559358,h-1,0.00015538,s^-1,100.235,Celsius,Archaea,Euryarchaeota,Methanopyri,Methanopyrales,Methanopyraceae,Methanopyrus,kandleri,,,Methanopyrus kandleri
49740,MTD5248,Methanopyrus kandleri,Specific Growth Rate,0.43350900000000003,h-1,0.00012042,s^-1,105.13799999999999,Celsius,Archaea,Euryarchaeota,Methanopyri,Methanopyrales,Methanopyraceae,Methanopyrus,kandleri,,,Methanopyrus kandleri
49741,MTD5248,Methanopyrus kandleri,Specific Growth Rate,0.280464,h-1,7.79e-05,s^-1,110.234,Celsius,Archaea,Euryarchaeota,Methanopyri,Methanopyrales,Methanopyraceae,Methanopyrus,kandleri,,,Methanopyrus kandleri
49742,MTD5248,Methanopyrus kandleri,Specific Growth Rate,0.17291099999999998,h-1,4.8e-05,s^-1,112.12200000000001,Celsius,Archaea,Euryarchaeota,Methanopyri,Methanopyrales,Methanopyraceae,Methanopyrus,kandleri,,,Methanopyrus kandleri
49743,MTD5248,Methanopyrus kandleri,Specific Growth Rate,0.13661099999999998,h-1,3.79e-05,s^-1,113.044,Celsius,Archaea,Euryarchaeota,Methanopyri,Methanopyrales,Methanopyraceae,Methanopyrus,kandleri,,,Methanopyrus kandleri
49744,MTD5248,Methanopyrus kandleri,Specific Growth Rate,0.12101300000000001,h-1,3.3600000000000004e-05,s^-1,114.161,Celsius,Archaea,Euryarchaeota,Methanopyri,Methanopyrales,Methanopyraceae,Methanopyrus,kandleri,,,Methanopyrus kandleri
49745,MTD5248,Methanopyrus kandleri,Specific Growth Rate,0.07823560000000002,h-1,2.17e-05,s^-1,115.179,Celsius,Archaea,Euryarchaeota,Methanopyri,Methanopyrales,Methanopyraceae,Methanopyrus,kandleri,,,Methanopyrus kandleri
49746,MTD5248,Methanopyrus kandleri,Specific Growth Rate,0.0458142,h-1,1.27e-05,s^-1,116.198,Celsius,Archaea,Euryarchaeota,Methanopyri,Methanopyrales,Methanopyraceae,Methanopyrus,kandleri,,,Methanopyrus kandleri
49747,MTD5248,Methanopyrus kandleri,Specific Growth Rate,0.000397447,h-1,1.1e-07,s^-1,118.09200000000001,Celsius,Archaea,Euryarchaeota,Methanopyri,Methanopyrales,Methanopyraceae,Methanopyrus,kandleri,,,Methanopyrus kandleri
49974,MTD5262,Haloarcula vallismortis,log Growth Rate,-1.40927,log(h-1),6.790000000000001e-05,s^-1,54.9838,Celsius,Archaea,Euryarchaeota,Halobacteria,Halobacteriales,Halobacteriaceae,Haloarcula,vallismortis,,,Haloarcula vallismortis
49975,MTD5262,Haloarcula vallismortis,log Growth Rate,-1.0108700000000002,log(h-1),0.00010108,s^-1,52.8834,Celsius,Archaea,Euryarchaeota,Halobacteria,Halobacteriales,Halobacteriaceae,Haloarcula,vallismortis,,,Haloarcula vallismortis
49976,MTD5262,Haloarcula vallismortis,log Growth Rate,-0.781485,log(h-1),0.00012715,s^-1,51.0331,Celsius,Archaea,Euryarchaeota,Halobacteria,Halobacteriales,Halobacteriaceae,Haloarcula,vallismortis,,,Haloarcula vallismortis
49977,MTD5262,Haloarcula vallismortis,log Growth Rate,-0.644671,log(h-1),0.00014579,s^-1,48.9229,Celsius,Archaea,Euryarchaeota,Halobacteria,Halobacteriales,Halobacteriaceae,Haloarcula,vallismortis,,,Haloarcula vallismortis
49978,MTD5262,Haloarcula vallismortis,log Growth Rate,-0.622366,log(h-1),0.00014908,s^-1,47.0647,Celsius,Archaea,Euryarchaeota,Halobacteria,Halobacteriales,Halobacteriaceae,Haloarcula,vallismortis,,,Haloarcula vallismortis
49979,MTD5262,Haloarcula vallismortis,log Growth Rate,-0.61634,log(h-1),0.00014998,s^-1,44.9496,Celsius,Archaea,Euryarchaeota,Halobacteria,Halobacteriales,Halobacteriaceae,Haloarcula,vallismortis,,,Haloarcula vallismortis
49980,MTD5262,Haloarcula vallismortis,log Growth Rate,-0.6267149999999999,log(h-1),0.00014843,s^-1,43.0261,Celsius,Archaea,Euryarchaeota,Halobacteria,Halobacteriales,Halobacteriaceae,Haloarcula,vallismortis,,,Haloarcula vallismortis
49981,MTD5262,Haloarcula vallismortis,log Growth Rate,-0.675184,log(h-1),0.00014141,s^-1,40.9089,Celsius,Archaea,Euryarchaeota,Halobacteria,Halobacteriales,Halobacteriaceae,Haloarcula,vallismortis,,,Haloarcula vallismortis
49982,MTD5262,Haloarcula vallismortis,log Growth Rate,-0.756404,log(h-1),0.00013038,s^-1,38.9827,Celsius,Archaea,Euryarchaeota,Halobacteria,Halobacteriales,Halobacteriaceae,Haloarcula,vallismortis,,,Haloarcula vallismortis
49983,MTD5262,Haloarcula vallismortis,log Growth Rate,-0.788542,log(h-1),0.00012625,s^-1,36.9302,Celsius,Archaea,Euryarchaeota,Halobacteria,Halobacteriales,Halobacteriaceae,Haloarcula,vallismortis,,,Haloarcula vallismortis
49984,MTD5262,Haloarcula vallismortis,log Growth Rate,-0.8752110000000001,log(h-1),0.00011577,s^-1,35.0039,Celsius,Archaea,Euryarchaeota,Halobacteria,Halobacteriales,Halobacteriaceae,Haloarcula,vallismortis,,,Haloarcula vallismortis
49985,MTD5262,Haloarcula vallismortis,log Growth Rate,-0.9182309999999999,log(h-1),0.0001109,s^-1,32.8869,Celsius,Archaea,Euryarchaeota,Halobacteria,Halobacteriales,Halobacteriaceae,Haloarcula,vallismortis,,,Haloarcula vallismortis
49986,MTD5262,Haloarcula vallismortis,log Growth Rate,-0.9558530000000001,log(h-1),0.00010680000000000001,s^-1,30.9624,Celsius,Archaea,Euryarchaeota,Halobacteria,Halobacteriales,Halobacteriaceae,Haloarcula,vallismortis,,,Haloarcula vallismortis
49987,MTD5262,Haloarcula vallismortis,log Growth Rate,-1.03706,log(h-1),9.85e-05,s^-1,28.9722,Celsius,Archaea,Euryarchaeota,Halobacteria,Halobacteriales,Halobacteriaceae,Haloarcula,vallismortis,,,Haloarcula vallismortis
49988,MTD5262,Haloarcula vallismortis,log Growth Rate,-1.18915,log(h-1),8.46e-05,s^-1,27.1716,Celsius,Archaea,Euryarchaeota,Halobacteria,Halobacteriales,Halobacteriaceae,Haloarcula,vallismortis,,,Haloarcula vallismortis
49989,MTD5262,Haloarcula vallismortis,log Growth Rate,-1.39019,log(h-1),6.92e-05,s^-1,24.9845,Celsius,Archaea,Euryarchaeota,Halobacteria,Halobacteriales,Halobacteriaceae,Haloarcula,vallismortis,,,Haloarcula vallismortis
49990,MTD5262,Haloarcula vallismortis,log Growth Rate,-1.59132,log(h-1),5.660000000000001e-05,s^-1,23.1179,Celsius,Archaea,Euryarchaeota,Halobacteria,Halobacteriales,Halobacteriaceae,Haloarcula,vallismortis,,,Haloarcula vallismortis
49991,MTD5263,Halobacterium salinarum,log Growth Rate,-0.40626599999999996,log(h-1),0.00018504,s^-1,50.013999999999996,Celsius,Archaea,Euryarchaeota,Halobacteria,Halobacteriales,Halobacteriaceae,Halobacterium,salinarum,,,Halobacterium salinarum
49992,MTD5263,Halobacterium salinarum,log Growth Rate,-0.406036,log(h-1),0.00018508,s^-1,49.1739,Celsius,Archaea,Euryarchaeota,Halobacteria,Halobacteriales,Halobacteriaceae,Halobacterium,salinarum,,,Halobacterium salinarum
49993,MTD5263,Halobacterium salinarum,log Growth Rate,-0.46558,log(h-1),0.00017438,s^-1,47.1038,Celsius,Archaea,Euryarchaeota,Halobacteria,Halobacteriales,Halobacteriaceae,Halobacterium,salinarum,,,Halobacterium salinarum
49994,MTD5263,Halobacterium salinarum,log Growth Rate,-0.519695,log(h-1),0.0001652,s^-1,45.1631,Celsius,Archaea,Euryarchaeota,Halobacteria,Halobacteriales,Halobacteriaceae,Halobacterium,salinarum,,,Halobacterium salinarum
49995,MTD5263,Halobacterium salinarum,log Growth Rate,-0.628419,log(h-1),0.00014818,s^-1,43.0911,Celsius,Archaea,Euryarchaeota,Halobacteria,Halobacteriales,Halobacteriaceae,Halobacterium,salinarum,,,Halobacterium salinarum
49996,MTD5263,Halobacterium salinarum,log Growth Rate,-0.677033,log(h-1),0.00014115,s^-1,41.0214,Celsius,Archaea,Euryarchaeota,Halobacteria,Halobacteriales,Halobacteriaceae,Halobacterium,salinarum,,,Halobacterium salinarum
49997,MTD5263,Halobacterium salinarum,log Growth Rate,-0.725684,log(h-1),0.00013444,s^-1,39.080999999999996,Celsius,Archaea,Euryarchaeota,Halobacteria,Halobacteriales,Halobacteriaceae,Halobacterium,salinarum,,,Halobacterium salinarum
49998,MTD5263,Halobacterium salinarum,log Growth Rate,-0.779798,log(h-1),0.00012736,s^-1,37.1403,Celsius,Archaea,Euryarchaeota,Halobacteria,Halobacteriales,Halobacteriaceae,Halobacterium,salinarum,,,Halobacterium salinarum
49999,MTD5263,Halobacterium salinarum,log Growth Rate,-0.866647,log(h-1),0.00011677,s^-1,35.0045,Celsius,Archaea,Euryarchaeota,Halobacteria,Halobacteriales,Halobacteriaceae,Halobacterium,salinarum,,,Halobacterium salinarum
50000,MTD5263,Halobacterium salinarum,log Growth Rate,-0.9481360000000001,log(h-1),0.00010763,s^-1,33.2566,Celsius,Archaea,Euryarchaeota,Halobacteria,Halobacteriales,Halobacteriaceae,Halobacterium,salinarum,,,Halobacterium salinarum
50001,MTD5263,Halobacterium salinarum,log Growth Rate,-1.0185600000000001,log(h-1),0.00010031,s^-1,30.9922,Celsius,Archaea,Euryarchaeota,Halobacteria,Halobacteriales,Halobacteriaceae,Halobacterium,salinarum,,,Halobacterium salinarum
50002,MTD5263,Halobacterium salinarum,log Growth Rate,-1.13281,log(h-1),8.950000000000001e-05,s^-1,29.1785,Celsius,Archaea,Euryarchaeota,Halobacteria,Halobacteriales,Halobacteriaceae,Halobacterium,salinarum,,,Halobacterium salinarum
50003,MTD5263,Halobacterium salinarum,log Growth Rate,-1.25795,log(h-1),7.900000000000001e-05,s^-1,27.1705,Celsius,Archaea,Euryarchaeota,Halobacteria,Halobacteriales,Halobacteriaceae,Halobacterium,salinarum,,,Halobacterium salinarum
50004,MTD5263,Halobacterium salinarum,log Growth Rate,-1.36121,log(h-1),7.120000000000001e-05,s^-1,25.0987,Celsius,Archaea,Euryarchaeota,Halobacteria,Halobacteriales,Halobacteriaceae,Halobacterium,salinarum,,,Halobacterium salinarum
50005,MTD5263,Halobacterium salinarum,log Growth Rate,-1.56283,log(h-1),5.8200000000000005e-05,s^-1,23.0231,Celsius,Archaea,Euryarchaeota,Halobacteria,Halobacteriales,Halobacteriaceae,Halobacterium,salinarum,,,Halobacterium salinarum
50006,MTD5264,Halobaculum gomorrense,log Growth Rate,-0.960291,log(h-1),0.00010633,s^-1,54.06,Celsius,Archaea,Euryarchaeota,Halobacteria,Haloferacales,Haloferacaceae,Halobaculum,gomorrense,,,Halobaculum gomorrense
50007,MTD5264,Halobaculum gomorrense,log Growth Rate,-0.8667520000000001,log(h-1),0.00011675,s^-1,53.0956,Celsius,Archaea,Euryarchaeota,Halobacteria,Haloferacales,Haloferacaceae,Halobaculum,gomorrense,,,Halobaculum gomorrense
50008,MTD5264,Halobaculum gomorrense,log Growth Rate,-0.762099,log(h-1),0.00012964,s^-1,51.2296,Celsius,Archaea,Euryarchaeota,Halobacteria,Haloferacales,Haloferacaceae,Halobaculum,gomorrense,,,Halobaculum gomorrense
50009,MTD5264,Halobaculum gomorrense,log Growth Rate,-0.596963,log(h-1),0.00015291,s^-1,49.0427,Celsius,Archaea,Euryarchaeota,Halobacteria,Haloferacales,Haloferacaceae,Halobaculum,gomorrense,,,Halobaculum gomorrense
50010,MTD5264,Halobaculum gomorrense,log Growth Rate,-0.591195,log(h-1),0.0001538,s^-1,47.04600000000001,Celsius,Archaea,Euryarchaeota,Halobacteria,Haloferacales,Haloferacaceae,Halobaculum,gomorrense,,,Halobaculum gomorrense
50011,MTD5264,Halobaculum gomorrense,log Growth Rate,-0.563439,log(h-1),0.00015812,s^-1,44.9853,Celsius,Archaea,Euryarchaeota,Halobacteria,Haloferacales,Haloferacaceae,Halobaculum,gomorrense,,,Halobaculum gomorrense
50012,MTD5264,Halobaculum gomorrense,log Growth Rate,-0.5631649999999999,log(h-1),0.00015817,s^-1,42.9886,Celsius,Archaea,Euryarchaeota,Halobacteria,Haloferacales,Haloferacaceae,Halobaculum,gomorrense,,,Halobaculum gomorrense
50013,MTD5264,Halobaculum gomorrense,log Growth Rate,-0.590381,log(h-1),0.00015392,s^-1,41.1201,Celsius,Archaea,Euryarchaeota,Halobacteria,Haloferacales,Haloferacaceae,Halobaculum,gomorrense,,,Halobaculum gomorrense
50014,MTD5264,Halobaculum gomorrense,log Growth Rate,-0.639566,log(h-1),0.00014653,s^-1,39.1868,Celsius,Archaea,Euryarchaeota,Halobacteria,Haloferacales,Haloferacaceae,Halobaculum,gomorrense,,,Halobaculum gomorrense
50015,MTD5264,Halobaculum gomorrense,log Growth Rate,-0.7271770000000001,log(h-1),0.00013424,s^-1,36.9951,Celsius,Archaea,Euryarchaeota,Halobacteria,Haloferacales,Haloferacaceae,Halobaculum,gomorrense,,,Halobaculum gomorrense
50016,MTD5264,Halobaculum gomorrense,log Growth Rate,-0.7983399999999999,log(h-1),0.00012502,s^-1,35.0614,Celsius,Archaea,Euryarchaeota,Halobacteria,Haloferacales,Haloferacaceae,Halobaculum,gomorrense,,,Halobaculum gomorrense
50017,MTD5264,Halobaculum gomorrense,log Growth Rate,-0.891481,log(h-1),0.0001139,s^-1,33.1273,Celsius,Archaea,Euryarchaeota,Halobacteria,Haloferacales,Haloferacaceae,Halobaculum,gomorrense,,,Halobaculum gomorrense
50018,MTD5264,Halobaculum gomorrense,log Growth Rate,-0.9351360000000001,log(h-1),0.00010904,s^-1,30.9365,Celsius,Archaea,Euryarchaeota,Halobacteria,Haloferacales,Haloferacaceae,Halobaculum,gomorrense,,,Halobaculum gomorrense
50019,MTD5264,Halobaculum gomorrense,log Growth Rate,-1.03378,log(h-1),9.88e-05,s^-1,29.0666,Celsius,Archaea,Euryarchaeota,Halobacteria,Haloferacales,Haloferacaceae,Halobaculum,gomorrense,,,Halobaculum gomorrense
50020,MTD5264,Halobaculum gomorrense,log Growth Rate,-1.1543700000000001,log(h-1),8.759999999999999e-05,s^-1,26.9388,Celsius,Archaea,Euryarchaeota,Halobacteria,Haloferacales,Haloferacaceae,Halobaculum,gomorrense,,,Halobaculum gomorrense
50021,MTD5264,Halobaculum gomorrense,log Growth Rate,-1.2475100000000001,log(h-1),7.979999999999999e-05,s^-1,25.0046,Celsius,Archaea,Euryarchaeota,Halobacteria,Haloferacales,Haloferacaceae,Halobaculum,gomorrense,,,Halobaculum gomorrense
50022,MTD5264,Halobaculum gomorrense,log Growth Rate,-1.3956,log(h-1),6.879999999999999e-05,s^-1,23.0695,Celsius,Archaea,Euryarchaeota,Halobacteria,Haloferacales,Haloferacaceae,Halobaculum,gomorrense,,,Halobaculum gomorrense
50023,MTD5265,Halococcus morrhuae,log Growth Rate,-0.73926,log(h-1),0.00013263,s^-1,56.8348,Celsius,Archaea,Euryarchaeota,Halobacteria,Halobacteriales,Halobacteriaceae,Halococcus,morrhuae,,,Halococcus morrhuae
50024,MTD5265,Halococcus morrhuae,log Growth Rate,-0.518692,log(h-1),0.00016536,s^-1,54.9368,Celsius,Archaea,Euryarchaeota,Halobacteria,Halobacteriales,Halobacteriaceae,Halococcus,morrhuae,,,Halococcus morrhuae
50025,MTD5265,Halococcus morrhuae,log Growth Rate,-0.440982,log(h-1),0.00017872,s^-1,53.0304,Celsius,Archaea,Euryarchaeota,Halobacteria,Halobacteriales,Halobacteriaceae,Halococcus,morrhuae,,,Halococcus morrhuae
50026,MTD5265,Halococcus morrhuae,log Growth Rate,-0.302777,log(h-1),0.00020521,s^-1,50.9957,Celsius,Archaea,Euryarchaeota,Halobacteria,Halobacteriales,Halobacteriaceae,Halococcus,morrhuae,,,Halococcus morrhuae
50027,MTD5265,Halococcus morrhuae,log Growth Rate,-0.389847,log(h-1),0.0001881,s^-1,48.9477,Celsius,Archaea,Euryarchaeota,Halobacteria,Halobacteriales,Halobacteriaceae,Halococcus,morrhuae,,,Halococcus morrhuae
50028,MTD5265,Halococcus morrhuae,log Growth Rate,-0.433016,log(h-1),0.00018015,s^-1,47.0341,Celsius,Archaea,Euryarchaeota,Halobacteria,Halobacteriales,Halobacteriaceae,Halococcus,morrhuae,,,Halococcus morrhuae
50029,MTD5265,Halococcus morrhuae,log Growth Rate,-0.476184,log(h-1),0.00017254,s^-1,45.1205,Celsius,Archaea,Euryarchaeota,Halobacteria,Halobacteriales,Halobacteriaceae,Halococcus,morrhuae,,,Halococcus morrhuae
50030,MTD5265,Halococcus morrhuae,log Growth Rate,-0.535782,log(h-1),0.00016256,s^-1,43.0742,Celsius,Archaea,Euryarchaeota,Halobacteria,Halobacteriales,Halobacteriaceae,Halococcus,morrhuae,,,Halococcus morrhuae
50031,MTD5265,Halococcus morrhuae,log Growth Rate,-0.617358,log(h-1),0.00014982,s^-1,41.0265,Celsius,Archaea,Euryarchaeota,Halobacteria,Halobacteriales,Halobacteriaceae,Halococcus,morrhuae,,,Halococcus morrhuae
50032,MTD5265,Halococcus morrhuae,log Growth Rate,-0.676983,log(h-1),0.00014115,s^-1,39.046,Celsius,Archaea,Euryarchaeota,Halobacteria,Halobacteriales,Halobacteriaceae,Halococcus,morrhuae,,,Halococcus morrhuae
50033,MTD5265,Halococcus morrhuae,log Growth Rate,-0.736662,log(h-1),0.00013298,s^-1,37.1974,Celsius,Archaea,Euryarchaeota,Halobacteria,Halobacteriales,Halobacteriaceae,Halococcus,morrhuae,,,Halococcus morrhuae
50034,MTD5265,Halococcus morrhuae,log Growth Rate,-0.823732,log(h-1),0.00012189,s^-1,35.1494,Celsius,Archaea,Euryarchaeota,Halobacteria,Halobacteriales,Halobacteriaceae,Halococcus,morrhuae,,,Halococcus morrhuae
50035,MTD5265,Halococcus morrhuae,log Growth Rate,-0.9053620000000001,log(h-1),0.00011233,s^-1,33.2335,Celsius,Archaea,Euryarchaeota,Halobacteria,Halobacteriales,Halobacteriaceae,Halococcus,morrhuae,,,Halococcus morrhuae
50036,MTD5265,Halococcus morrhuae,log Growth Rate,-1.0253700000000001,log(h-1),9.96e-05,s^-1,31.1176,Celsius,Archaea,Euryarchaeota,Halobacteria,Halobacteriales,Halobacteriaceae,Halococcus,morrhuae,,,Halococcus morrhuae
50037,MTD5265,Halococcus morrhuae,log Growth Rate,-1.09046,log(h-1),9.340000000000001e-05,s^-1,29.0709,Celsius,Archaea,Euryarchaeota,Halobacteria,Halobacteriales,Halobacteriaceae,Halococcus,morrhuae,,,Halococcus morrhuae
50038,MTD5265,Halococcus morrhuae,log Growth Rate,-1.19405,log(h-1),8.420000000000001e-05,s^-1,27.0879,Celsius,Archaea,Euryarchaeota,Halobacteria,Halobacteriales,Halobacteriaceae,Halococcus,morrhuae,,,Halococcus morrhuae
50039,MTD5265,Halococcus morrhuae,log Growth Rate,-1.32513,log(h-1),7.38e-05,s^-1,25.1691,Celsius,Archaea,Euryarchaeota,Halobacteria,Halobacteriales,Halobacteriaceae,Halococcus,morrhuae,,,Halococcus morrhuae
50040,MTD5265,Halococcus morrhuae,log Growth Rate,-1.40121,log(h-1),6.840000000000001e-05,s^-1,23.1217,Celsius,Archaea,Euryarchaeota,Halobacteria,Halobacteriales,Halobacteriaceae,Halococcus,morrhuae,,,Halococcus morrhuae
50041,MTD5266,Haloferax volcanii,log Growth Rate,-0.707603,log(h-1),0.0001369,s^-1,48.9902,Celsius,Archaea,Euryarchaeota,Halobacteria,Haloferacales,Haloferacaceae,Haloferax,volcanii,,,Haloferax volcanii
50042,MTD5266,Haloferax volcanii,log Growth Rate,-0.465276,log(h-1),0.00017443,s^-1,47.2057,Celsius,Archaea,Euryarchaeota,Halobacteria,Haloferacales,Haloferacaceae,Haloferax,volcanii,,,Haloferax volcanii
50043,MTD5266,Haloferax volcanii,log Growth Rate,-0.408204,log(h-1),0.00018468,s^-1,45.0901,Celsius,Archaea,Euryarchaeota,Halobacteria,Haloferacales,Haloferacaceae,Haloferax,volcanii,,,Haloferax volcanii
50044,MTD5266,Haloferax volcanii,log Growth Rate,-0.4411,log(h-1),0.00017869999999999998,s^-1,43.1621,Celsius,Archaea,Euryarchaeota,Halobacteria,Haloferacales,Haloferacaceae,Haloferax,volcanii,,,Haloferax volcanii
50045,MTD5266,Haloferax volcanii,log Growth Rate,-0.507622,log(h-1),0.0001672,s^-1,41.0397,Celsius,Archaea,Euryarchaeota,Halobacteria,Haloferacales,Haloferacaceae,Haloferax,volcanii,,,Haloferax volcanii
50046,MTD5266,Haloferax volcanii,log Growth Rate,-0.591025,log(h-1),0.00015382,s^-1,38.9805,Celsius,Archaea,Euryarchaeota,Halobacteria,Haloferacales,Haloferacaceae,Haloferax,volcanii,,,Haloferax volcanii
50047,MTD5266,Haloferax volcanii,log Growth Rate,-0.623948,log(h-1),0.00014884,s^-1,37.1168,Celsius,Archaea,Euryarchaeota,Halobacteria,Haloferacales,Haloferacaceae,Haloferax,volcanii,,,Haloferax volcanii
50048,MTD5266,Haloferax volcanii,log Growth Rate,-0.729741,log(h-1),0.0001339,s^-1,34.8637,Celsius,Archaea,Euryarchaeota,Halobacteria,Haloferacales,Haloferacaceae,Haloferax,volcanii,,,Haloferax volcanii
50049,MTD5266,Haloferax volcanii,log Growth Rate,-0.7851899999999999,log(h-1),0.00012668,s^-1,33.1271,Celsius,Archaea,Euryarchaeota,Halobacteria,Haloferacales,Haloferacaceae,Haloferax,volcanii,,,Haloferax volcanii
50050,MTD5266,Haloferax volcanii,log Growth Rate,-0.857303,log(h-1),0.00011786,s^-1,30.9402,Celsius,Archaea,Euryarchaeota,Halobacteria,Haloferacales,Haloferacaceae,Haloferax,volcanii,,,Haloferax volcanii
50051,MTD5266,Haloferax volcanii,log Growth Rate,-0.9969389999999999,log(h-1),0.0001025,s^-1,29.0063,Celsius,Archaea,Euryarchaeota,Halobacteria,Haloferacales,Haloferacaceae,Haloferax,volcanii,,,Haloferax volcanii
50052,MTD5266,Haloferax volcanii,log Growth Rate,-1.0972,log(h-1),9.27e-05,s^-1,26.9462,Celsius,Archaea,Euryarchaeota,Halobacteria,Haloferacales,Haloferacaceae,Haloferax,volcanii,,,Haloferax volcanii
50053,MTD5266,Haloferax volcanii,log Growth Rate,-1.19753,log(h-1),8.39e-05,s^-1,25.0788,Celsius,Archaea,Euryarchaeota,Halobacteria,Haloferacales,Haloferacaceae,Haloferax,volcanii,,,Haloferax volcanii
50054,MTD5266,Haloferax volcanii,log Growth Rate,-1.33714,log(h-1),7.290000000000001e-05,s^-1,23.0807,Celsius,Archaea,Euryarchaeota,Halobacteria,Haloferacales,Haloferacaceae,Haloferax,volcanii,,,Haloferax volcanii
50055,MTD5267,Halogeometricum borinquense,log Growth Rate,-0.625707,log(h-1),0.00014858,s^-1,58.0703,Celsius,Archaea,Euryarchaeota,Halobacteria,Haloferacales,Haloferacaceae,Halogeometricum,borinquense,,,Halogeometricum borinquense
50056,MTD5267,Halogeometricum borinquense,log Growth Rate,-0.5406850000000001,log(h-1),0.00016176,s^-1,57.0915,Celsius,Archaea,Euryarchaeota,Halobacteria,Haloferacales,Haloferacaceae,Halogeometricum,borinquense,,,Halogeometricum borinquense
50057,MTD5267,Halogeometricum borinquense,log Growth Rate,-0.46664799999999995,log(h-1),0.0001742,s^-1,54.9994,Celsius,Archaea,Euryarchaeota,Halobacteria,Haloferacales,Haloferacaceae,Halogeometricum,borinquense,,,Halogeometricum borinquense
50058,MTD5267,Halogeometricum borinquense,log Growth Rate,-0.40961499999999995,log(h-1),0.00018442,s^-1,53.103,Celsius,Archaea,Euryarchaeota,Halobacteria,Haloferacales,Haloferacaceae,Halogeometricum,borinquense,,,Halogeometricum borinquense
50059,MTD5267,Halogeometricum borinquense,log Growth Rate,-0.40906,log(h-1),0.00018452,s^-1,51.1391,Celsius,Archaea,Euryarchaeota,Halobacteria,Haloferacales,Haloferacaceae,Halogeometricum,borinquense,,,Halogeometricum borinquense
50060,MTD5267,Halogeometricum borinquense,log Growth Rate,-0.38022,log(h-1),0.00018992,s^-1,49.0452,Celsius,Archaea,Euryarchaeota,Halobacteria,Haloferacales,Haloferacaceae,Halogeometricum,borinquense,,,Halogeometricum borinquense
50061,MTD5267,Halogeometricum borinquense,log Growth Rate,-0.407913,log(h-1),0.00018473,s^-1,47.0802,Celsius,Archaea,Euryarchaeota,Halobacteria,Haloferacales,Haloferacaceae,Halogeometricum,borinquense,,,Halogeometricum borinquense
50062,MTD5267,Halogeometricum borinquense,log Growth Rate,-0.458168,log(h-1),0.00017568,s^-1,44.9834,Celsius,Archaea,Euryarchaeota,Halobacteria,Haloferacales,Haloferacaceae,Halogeometricum,borinquense,,,Halogeometricum borinquense
50063,MTD5267,Halogeometricum borinquense,log Growth Rate,-0.508479,log(h-1),0.00016706,s^-1,43.0829,Celsius,Archaea,Euryarchaeota,Halobacteria,Haloferacales,Haloferacaceae,Halogeometricum,borinquense,,,Halogeometricum borinquense
50064,MTD5267,Halogeometricum borinquense,log Growth Rate,-0.564384,log(h-1),0.00015798,s^-1,40.9859,Celsius,Archaea,Euryarchaeota,Halobacteria,Haloferacales,Haloferacaceae,Halogeometricum,borinquense,,,Halogeometricum borinquense
50065,MTD5267,Halogeometricum borinquense,log Growth Rate,-0.637293,log(h-1),0.00014687,s^-1,39.0846,Celsius,Archaea,Euryarchaeota,Halobacteria,Haloferacales,Haloferacaceae,Halogeometricum,borinquense,,,Halogeometricum borinquense
50066,MTD5267,Halogeometricum borinquense,log Growth Rate,-0.6989029999999999,log(h-1),0.00013809,s^-1,37.1837,Celsius,Archaea,Euryarchaeota,Halobacteria,Haloferacales,Haloferacaceae,Halogeometricum,borinquense,,,Halogeometricum borinquense
50067,MTD5267,Halogeometricum borinquense,log Growth Rate,-0.754808,log(h-1),0.00013058,s^-1,35.0867,Celsius,Archaea,Euryarchaeota,Halobacteria,Haloferacales,Haloferacaceae,Halogeometricum,borinquense,,,Halogeometricum borinquense
50068,MTD5267,Halogeometricum borinquense,log Growth Rate,-0.8559469999999999,log(h-1),0.00011802,s^-1,33.1189,Celsius,Archaea,Euryarchaeota,Halobacteria,Haloferacales,Haloferacaceae,Halogeometricum,borinquense,,,Halogeometricum borinquense
50069,MTD5267,Halogeometricum borinquense,log Growth Rate,-0.940119,log(h-1),0.0001085,s^-1,31.0862,Celsius,Archaea,Euryarchaeota,Halobacteria,Haloferacales,Haloferacaceae,Halogeometricum,borinquense,,,Halogeometricum borinquense
50070,MTD5267,Halogeometricum borinquense,log Growth Rate,-1.04693,log(h-1),9.75e-05,s^-1,29.1836,Celsius,Archaea,Euryarchaeota,Halobacteria,Haloferacales,Haloferacaceae,Halogeometricum,borinquense,,,Halogeometricum borinquense
50071,MTD5267,Halogeometricum borinquense,log Growth Rate,-1.17631,log(h-1),8.57e-05,s^-1,27.2147,Celsius,Archaea,Euryarchaeota,Halobacteria,Haloferacales,Haloferacaceae,Halogeometricum,borinquense,,,Halogeometricum borinquense
50072,MTD5267,Halogeometricum borinquense,log Growth Rate,-1.26045,log(h-1),7.879999999999999e-05,s^-1,25.0511,Celsius,Archaea,Euryarchaeota,Halobacteria,Haloferacales,Haloferacaceae,Halogeometricum,borinquense,,,Halogeometricum borinquense
50073,MTD5267,Halogeometricum borinquense,log Growth Rate,-1.4181,log(h-1),6.73e-05,s^-1,23.1466,Celsius,Archaea,Euryarchaeota,Halobacteria,Haloferacales,Haloferacaceae,Halogeometricum,borinquense,,,Halogeometricum borinquense
50074,MTD5268,Halorubrum saccharovorum,log Growth Rate,-1.26851,log(h-1),7.809999999999999e-05,s^-1,55.0275,Celsius,Archaea,Euryarchaeota,Halobacteria,Haloferacales,Haloferacaceae,Halorubrum,saccharovorum,,,Halorubrum saccharovorum
50075,MTD5268,Halorubrum saccharovorum,log Growth Rate,-1.18507,log(h-1),8.49e-05,s^-1,52.9661,Celsius,Archaea,Euryarchaeota,Halobacteria,Haloferacales,Haloferacaceae,Halorubrum,saccharovorum,,,Halorubrum saccharovorum
50076,MTD5268,Halorubrum saccharovorum,log Growth Rate,-1.04087,log(h-1),9.81e-05,s^-1,50.9716,Celsius,Archaea,Euryarchaeota,Halobacteria,Haloferacales,Haloferacaceae,Halorubrum,saccharovorum,,,Halorubrum saccharovorum
50077,MTD5268,Halorubrum saccharovorum,log Growth Rate,-0.786181,log(h-1),0.00012655,s^-1,48.9812,Celsius,Archaea,Euryarchaeota,Halobacteria,Haloferacales,Haloferacaceae,Halorubrum,saccharovorum,,,Halorubrum saccharovorum
50078,MTD5268,Halorubrum saccharovorum,log Growth Rate,-0.708317,log(h-1),0.00013680000000000002,s^-1,47.1131,Celsius,Archaea,Euryarchaeota,Halobacteria,Haloferacales,Haloferacaceae,Halorubrum,saccharovorum,,,Halorubrum saccharovorum
50079,MTD5268,Halorubrum saccharovorum,log Growth Rate,-0.6193310000000001,log(h-1),0.00014953,s^-1,44.9874,Celsius,Archaea,Euryarchaeota,Halobacteria,Haloferacales,Haloferacaceae,Halorubrum,saccharovorum,,,Halorubrum saccharovorum
50080,MTD5268,Halorubrum saccharovorum,log Growth Rate,-0.674045,log(h-1),0.00014157,s^-1,43.0499,Celsius,Archaea,Euryarchaeota,Halobacteria,Haloferacales,Haloferacaceae,Halorubrum,saccharovorum,,,Halorubrum saccharovorum
50081,MTD5268,Halorubrum saccharovorum,log Growth Rate,-0.706659,log(h-1),0.00013703,s^-1,41.1132,Celsius,Archaea,Euryarchaeota,Halobacteria,Haloferacales,Haloferacaceae,Halorubrum,saccharovorum,,,Halorubrum saccharovorum
50082,MTD5268,Halorubrum saccharovorum,log Growth Rate,-0.7392380000000001,log(h-1),0.00013263,s^-1,39.0475,Celsius,Archaea,Euryarchaeota,Halobacteria,Haloferacales,Haloferacaceae,Halorubrum,saccharovorum,,,Halorubrum saccharovorum
50083,MTD5268,Halorubrum saccharovorum,log Growth Rate,-0.7994939999999999,log(h-1),0.00012488,s^-1,37.1742,Celsius,Archaea,Euryarchaeota,Halobacteria,Haloferacales,Haloferacaceae,Halorubrum,saccharovorum,,,Halorubrum saccharovorum
50084,MTD5268,Halorubrum saccharovorum,log Growth Rate,-0.876217,log(h-1),0.00011565,s^-1,34.9133,Celsius,Archaea,Euryarchaeota,Halobacteria,Haloferacales,Haloferacaceae,Halorubrum,saccharovorum,,,Halorubrum saccharovorum
50085,MTD5268,Halorubrum saccharovorum,log Growth Rate,-0.9530299999999999,log(h-1),0.0001071,s^-1,32.9749,Celsius,Archaea,Euryarchaeota,Halobacteria,Haloferacales,Haloferacaceae,Halorubrum,saccharovorum,,,Halorubrum saccharovorum
50086,MTD5268,Halorubrum saccharovorum,log Growth Rate,-1.0353299999999999,log(h-1),9.86e-05,s^-1,30.9073,Celsius,Archaea,Euryarchaeota,Halobacteria,Haloferacales,Haloferacaceae,Halorubrum,saccharovorum,,,Halorubrum saccharovorum
50087,MTD5268,Halorubrum saccharovorum,log Growth Rate,-1.1287399999999999,log(h-1),8.98e-05,s^-1,29.0328,Celsius,Archaea,Euryarchaeota,Halobacteria,Haloferacales,Haloferacaceae,Halorubrum,saccharovorum,,,Halorubrum saccharovorum
50088,MTD5268,Halorubrum saccharovorum,log Growth Rate,-1.24975,log(h-1),7.96e-05,s^-1,27.0927,Celsius,Archaea,Euryarchaeota,Halobacteria,Haloferacales,Haloferacaceae,Halorubrum,saccharovorum,,,Halorubrum saccharovorum
50089,MTD5268,Halorubrum saccharovorum,log Growth Rate,-1.35417,log(h-1),7.170000000000001e-05,s^-1,25.0888,Celsius,Archaea,Euryarchaeota,Halobacteria,Haloferacales,Haloferacaceae,Halorubrum,saccharovorum,,,Halorubrum saccharovorum
50090,MTD5268,Halorubrum saccharovorum,log Growth Rate,-1.4751100000000001,log(h-1),6.35e-05,s^-1,22.8907,Celsius,Archaea,Euryarchaeota,Halobacteria,Haloferacales,Haloferacaceae,Halorubrum,saccharovorum,,,Halorubrum saccharovorum
50091,MTD5269,Haloterrigena turkmenica,log Growth Rate,-0.62046,log(h-1),0.00014936,s^-1,57.2793,Celsius,Archaea,Euryarchaeota,Halobacteria,Natrialbales,Natrialbaceae,Haloterrigena,turkmenica,,,Haloterrigena turkmenica
50092,MTD5269,Haloterrigena turkmenica,log Growth Rate,-0.48044799999999993,log(h-1),0.00017181,s^-1,55.0481,Celsius,Archaea,Euryarchaeota,Halobacteria,Natrialbales,Natrialbaceae,Haloterrigena,turkmenica,,,Haloterrigena turkmenica
50093,MTD5269,Haloterrigena turkmenica,log Growth Rate,-0.378058,log(h-1),0.00019033,s^-1,53.1444,Celsius,Archaea,Euryarchaeota,Halobacteria,Natrialbales,Natrialbaceae,Haloterrigena,turkmenica,,,Haloterrigena turkmenica
50094,MTD5269,Haloterrigena turkmenica,log Growth Rate,-0.334597,log(h-1),0.00019879,s^-1,51.0409,Celsius,Archaea,Euryarchaeota,Halobacteria,Natrialbales,Natrialbaceae,Haloterrigena,turkmenica,,,Haloterrigena turkmenica
50095,MTD5269,Haloterrigena turkmenica,log Growth Rate,-0.37698200000000004,log(h-1),0.00019054,s^-1,49.1313,Celsius,Archaea,Euryarchaeota,Halobacteria,Natrialbales,Natrialbaceae,Haloterrigena,turkmenica,,,Haloterrigena turkmenica
50096,MTD5269,Haloterrigena turkmenica,log Growth Rate,-0.413969,log(h-1),0.00018362,s^-1,47.0903,Celsius,Archaea,Euryarchaeota,Halobacteria,Natrialbales,Natrialbaceae,Haloterrigena,turkmenica,,,Haloterrigena turkmenica
50097,MTD5269,Haloterrigena turkmenica,log Growth Rate,-0.467078,log(h-1),0.00017412,s^-1,45.1802,Celsius,Archaea,Euryarchaeota,Halobacteria,Natrialbales,Natrialbaceae,Haloterrigena,turkmenica,,,Haloterrigena turkmenica
50098,MTD5269,Haloterrigena turkmenica,log Growth Rate,-0.5308579999999999,log(h-1),0.00016336,s^-1,43.0724,Celsius,Archaea,Euryarchaeota,Halobacteria,Natrialbales,Natrialbaceae,Haloterrigena,turkmenica,,,Haloterrigena turkmenica
50099,MTD5269,Haloterrigena turkmenica,log Growth Rate,-0.5625359999999999,log(h-1),0.00015827,s^-1,41.229,Celsius,Archaea,Euryarchaeota,Halobacteria,Natrialbales,Natrialbaceae,Haloterrigena,turkmenica,,,Haloterrigena turkmenica
50100,MTD5269,Haloterrigena turkmenica,log Growth Rate,-0.669248,log(h-1),0.00014225,s^-1,39.251,Celsius,Archaea,Euryarchaeota,Halobacteria,Natrialbales,Natrialbaceae,Haloterrigena,turkmenica,,,Haloterrigena turkmenica
50101,MTD5269,Haloterrigena turkmenica,log Growth Rate,-0.733045,log(h-1),0.00013346,s^-1,37.209,Celsius,Archaea,Euryarchaeota,Halobacteria,Natrialbales,Natrialbaceae,Haloterrigena,turkmenica,,,Haloterrigena turkmenica
50102,MTD5269,Haloterrigena turkmenica,log Growth Rate,-0.743223,log(h-1),0.00013211,s^-1,35.1691,Celsius,Archaea,Euryarchaeota,Halobacteria,Natrialbales,Natrialbaceae,Haloterrigena,turkmenica,,,Haloterrigena turkmenica
50103,MTD5269,Haloterrigena turkmenica,log Growth Rate,-0.8177260000000001,log(h-1),0.00012262,s^-1,33.0608,Celsius,Archaea,Euryarchaeota,Halobacteria,Natrialbales,Natrialbaceae,Haloterrigena,turkmenica,,,Haloterrigena turkmenica
50104,MTD5269,Haloterrigena turkmenica,log Growth Rate,-0.913731,log(h-1),0.00011140000000000001,s^-1,31.1491,Celsius,Archaea,Euryarchaeota,Halobacteria,Natrialbales,Natrialbaceae,Haloterrigena,turkmenica,,,Haloterrigena turkmenica
50105,MTD5269,Haloterrigena turkmenica,log Growth Rate,-0.956046,log(h-1),0.00010678,s^-1,28.9763,Celsius,Archaea,Euryarchaeota,Halobacteria,Natrialbales,Natrialbaceae,Haloterrigena,turkmenica,,,Haloterrigena turkmenica
50106,MTD5269,Haloterrigena turkmenica,log Growth Rate,-1.08958,log(h-1),9.340000000000001e-05,s^-1,27.063000000000002,Celsius,Archaea,Euryarchaeota,Halobacteria,Natrialbales,Natrialbaceae,Haloterrigena,turkmenica,,,Haloterrigena turkmenica
50107,MTD5269,Haloterrigena turkmenica,log Growth Rate,-1.22307,log(h-1),8.18e-05,s^-1,24.9524,Celsius,Archaea,Euryarchaeota,Halobacteria,Natrialbales,Natrialbaceae,Haloterrigena,turkmenica,,,Haloterrigena turkmenica
50108,MTD5269,Haloterrigena turkmenica,log Growth Rate,-1.38342,log(h-1),6.96e-05,s^-1,23.038,Celsius,Archaea,Euryarchaeota,Halobacteria,Natrialbales,Natrialbaceae,Haloterrigena,turkmenica,,,Haloterrigena turkmenica
50109,MTD5270,Natrialba asiatica,log Growth Rate,-0.8739309999999999,log(h-1),0.00011592,s^-1,51.2284,Celsius,Archaea,Euryarchaeota,Halobacteria,Natrialbales,Natrialbaceae,Natrialba,asiatica,,,Natrialba asiatica
50110,MTD5270,Natrialba asiatica,log Growth Rate,-0.778459,log(h-1),0.00012753,s^-1,49.1735,Celsius,Archaea,Euryarchaeota,Halobacteria,Natrialbales,Natrialbaceae,Natrialba,asiatica,,,Natrialba asiatica
50111,MTD5270,Natrialba asiatica,log Growth Rate,-0.645754,log(h-1),0.00014563,s^-1,47.1178,Celsius,Archaea,Euryarchaeota,Halobacteria,Natrialbales,Natrialbaceae,Natrialba,asiatica,,,Natrialba asiatica
50112,MTD5270,Natrialba asiatica,log Growth Rate,-0.571542,log(h-1),0.00015685,s^-1,45.1957,Celsius,Archaea,Euryarchaeota,Halobacteria,Natrialbales,Natrialbaceae,Natrialba,asiatica,,,Natrialba asiatica
50113,MTD5270,Natrialba asiatica,log Growth Rate,-0.6090399999999999,log(h-1),0.00015108,s^-1,43.2097,Celsius,Archaea,Euryarchaeota,Halobacteria,Natrialbales,Natrialbaceae,Natrialba,asiatica,,,Natrialba asiatica
50114,MTD5270,Natrialba asiatica,log Growth Rate,-0.646564,log(h-1),0.00014551,s^-1,41.0251,Celsius,Archaea,Euryarchaeota,Halobacteria,Natrialbales,Natrialbaceae,Natrialba,asiatica,,,Natrialba asiatica
50115,MTD5270,Natrialba asiatica,log Growth Rate,-0.705321,log(h-1),0.00013721,s^-1,39.172,Celsius,Archaea,Euryarchaeota,Halobacteria,Natrialbales,Natrialbaceae,Natrialba,asiatica,,,Natrialba asiatica
50116,MTD5270,Natrialba asiatica,log Growth Rate,-0.758768,log(h-1),0.00013007,s^-1,37.2525,Celsius,Archaea,Euryarchaeota,Halobacteria,Natrialbales,Natrialbaceae,Natrialba,asiatica,,,Natrialba asiatica
50117,MTD5270,Natrialba asiatica,log Growth Rate,-0.8228620000000001,log(h-1),0.00012199,s^-1,35.2671,Celsius,Archaea,Euryarchaeota,Halobacteria,Natrialbales,Natrialbaceae,Natrialba,asiatica,,,Natrialba asiatica
50118,MTD5270,Natrialba asiatica,log Growth Rate,-0.871024,log(h-1),0.00011626,s^-1,33.0827,Celsius,Archaea,Euryarchaeota,Halobacteria,Natrialbales,Natrialbaceae,Natrialba,asiatica,,,Natrialba asiatica
50119,MTD5270,Natrialba asiatica,log Growth Rate,-0.929808,log(h-1),0.00010962,s^-1,31.0309,Celsius,Archaea,Euryarchaeota,Halobacteria,Natrialbales,Natrialbaceae,Natrialba,asiatica,,,Natrialba asiatica
50120,MTD5270,Natrialba asiatica,log Growth Rate,-1.05772,log(h-1),9.65e-05,s^-1,29.113000000000003,Celsius,Archaea,Euryarchaeota,Halobacteria,Natrialbales,Natrialbaceae,Natrialba,asiatica,,,Natrialba asiatica
50121,MTD5270,Natrialba asiatica,log Growth Rate,-1.19097,log(h-1),8.44e-05,s^-1,27.0628,Celsius,Archaea,Euryarchaeota,Halobacteria,Natrialbales,Natrialbaceae,Natrialba,asiatica,,,Natrialba asiatica
50122,MTD5270,Natrialba asiatica,log Growth Rate,-1.2923,log(h-1),7.63e-05,s^-1,25.0781,Celsius,Archaea,Euryarchaeota,Halobacteria,Natrialbales,Natrialbaceae,Natrialba,asiatica,,,Natrialba asiatica
50123,MTD5270,Natrialba asiatica,log Growth Rate,-1.45746,log(h-1),6.47e-05,s^-1,23.0948,Celsius,Archaea,Euryarchaeota,Halobacteria,Natrialbales,Natrialbaceae,Natrialba,asiatica,,,Natrialba asiatica
50124,MTD5271,Natrinema pellirubrum,log Growth Rate,-0.726287,log(h-1),0.00013436,s^-1,57.1169,Celsius,Archaea,Euryarchaeota,Halobacteria,Natrialbales,Natrialbaceae,Natrinema,pellirubrum,,,Natrinema pellirubrum
50125,MTD5271,Natrinema pellirubrum,log Growth Rate,-0.552846,log(h-1),0.00015981,s^-1,55.2338,Celsius,Archaea,Euryarchaeota,Halobacteria,Natrialbales,Natrialbaceae,Natrinema,pellirubrum,,,Natrinema pellirubrum
50126,MTD5271,Natrinema pellirubrum,log Growth Rate,-0.44444399999999995,log(h-1),0.00017811,s^-1,53.0909,Celsius,Archaea,Euryarchaeota,Halobacteria,Natrialbales,Natrialbaceae,Natrinema,pellirubrum,,,Natrinema pellirubrum
50127,MTD5271,Natrinema pellirubrum,log Growth Rate,-0.41192399999999996,log(h-1),0.00018399,s^-1,51.2078,Celsius,Archaea,Euryarchaeota,Halobacteria,Natrialbales,Natrialbaceae,Natrinema,pellirubrum,,,Natrinema pellirubrum
50128,MTD5271,Natrinema pellirubrum,log Growth Rate,-0.466125,log(h-1),0.00017429,s^-1,49.2597,Celsius,Archaea,Euryarchaeota,Halobacteria,Natrialbales,Natrialbaceae,Natrinema,pellirubrum,,,Natrinema pellirubrum
50129,MTD5271,Natrinema pellirubrum,log Growth Rate,-0.525745,log(h-1),0.00016419999999999998,s^-1,47.0519,Celsius,Archaea,Euryarchaeota,Halobacteria,Natrialbales,Natrialbaceae,Natrinema,pellirubrum,,,Natrinema pellirubrum
50130,MTD5271,Natrinema pellirubrum,log Growth Rate,-0.579946,log(h-1),0.00015554,s^-1,45.2338,Celsius,Archaea,Euryarchaeota,Halobacteria,Natrialbales,Natrialbaceae,Natrinema,pellirubrum,,,Natrinema pellirubrum
50131,MTD5271,Natrinema pellirubrum,log Growth Rate,-0.650406,log(h-1),0.00014495,s^-1,43.2857,Celsius,Archaea,Euryarchaeota,Halobacteria,Natrialbales,Natrialbaceae,Natrinema,pellirubrum,,,Natrinema pellirubrum
50132,MTD5271,Natrinema pellirubrum,log Growth Rate,-0.704607,log(h-1),0.00013731,s^-1,41.0779,Celsius,Archaea,Euryarchaeota,Halobacteria,Natrialbales,Natrialbaceae,Natrinema,pellirubrum,,,Natrinema pellirubrum
50133,MTD5271,Natrinema pellirubrum,log Growth Rate,-0.7371270000000001,log(h-1),0.00013291,s^-1,39.2597,Celsius,Archaea,Euryarchaeota,Halobacteria,Natrialbales,Natrialbaceae,Natrinema,pellirubrum,,,Natrinema pellirubrum
50134,MTD5271,Natrinema pellirubrum,log Growth Rate,-0.802168,log(h-1),0.00012454,s^-1,37.2468,Celsius,Archaea,Euryarchaeota,Halobacteria,Natrialbales,Natrialbaceae,Natrinema,pellirubrum,,,Natrinema pellirubrum
50135,MTD5271,Natrinema pellirubrum,log Growth Rate,-0.8726290000000001,log(h-1),0.00011607,s^-1,35.1039,Celsius,Archaea,Euryarchaeota,Halobacteria,Natrialbales,Natrialbaceae,Natrinema,pellirubrum,,,Natrinema pellirubrum
50136,MTD5271,Natrinema pellirubrum,log Growth Rate,-0.95935,log(h-1),0.00010643,s^-1,33.025999999999996,Celsius,Archaea,Euryarchaeota,Halobacteria,Natrialbales,Natrialbaceae,Natrinema,pellirubrum,,,Natrinema pellirubrum
50137,MTD5271,Natrinema pellirubrum,log Growth Rate,-1.0352299999999999,log(h-1),9.87e-05,s^-1,31.013,Celsius,Archaea,Euryarchaeota,Halobacteria,Natrialbales,Natrialbaceae,Natrinema,pellirubrum,,,Natrinema pellirubrum
50138,MTD5271,Natrinema pellirubrum,log Growth Rate,-1.11111,log(h-1),9.14e-05,s^-1,29.1299,Celsius,Archaea,Euryarchaeota,Halobacteria,Natrialbales,Natrialbaceae,Natrinema,pellirubrum,,,Natrinema pellirubrum
50139,MTD5271,Natrinema pellirubrum,log Growth Rate,-1.21951,log(h-1),8.2e-05,s^-1,26.987,Celsius,Archaea,Euryarchaeota,Halobacteria,Natrialbales,Natrialbaceae,Natrinema,pellirubrum,,,Natrinema pellirubrum
50140,MTD5271,Natrinema pellirubrum,log Growth Rate,-1.34417,log(h-1),7.240000000000001e-05,s^-1,24.974,Celsius,Archaea,Euryarchaeota,Halobacteria,Natrialbales,Natrialbaceae,Natrinema,pellirubrum,,,Natrinema pellirubrum
50141,MTD5271,Natrinema pellirubrum,log Growth Rate,-1.45799,log(h-1),6.459999999999998e-05,s^-1,23.026,Celsius,Archaea,Euryarchaeota,Halobacteria,Natrialbales,Natrialbaceae,Natrinema,pellirubrum,,,Natrinema pellirubrum
50142,MTD5272,Natronobacterium gregoryi,log Growth Rate,-0.7282609999999999,log(h-1),0.0001341,s^-1,52.1373,Celsius,Archaea,Euryarchaeota,Halobacteria,Natrialbales,Natrialbaceae,Natronobacterium,gregoryi,,,Natronobacterium gregoryi
50143,MTD5272,Natronobacterium gregoryi,log Growth Rate,-0.663043,log(h-1),0.00014313,s^-1,51.2222,Celsius,Archaea,Euryarchaeota,Halobacteria,Natrialbales,Natrialbaceae,Natronobacterium,gregoryi,,,Natronobacterium gregoryi
50144,MTD5272,Natronobacterium gregoryi,log Growth Rate,-0.565217,log(h-1),0.00015784,s^-1,49.0654,Celsius,Archaea,Euryarchaeota,Halobacteria,Natrialbales,Natrialbaceae,Natronobacterium,gregoryi,,,Natronobacterium gregoryi
50145,MTD5272,Natronobacterium gregoryi,log Growth Rate,-0.451087,log(h-1),0.00017693,s^-1,47.1046,Celsius,Archaea,Euryarchaeota,Halobacteria,Natrialbales,Natrialbaceae,Natronobacterium,gregoryi,,,Natronobacterium gregoryi
50146,MTD5272,Natronobacterium gregoryi,log Growth Rate,-0.5108699999999999,log(h-1),0.00016666,s^-1,45.1438,Celsius,Archaea,Euryarchaeota,Halobacteria,Natrialbales,Natrialbaceae,Natronobacterium,gregoryi,,,Natronobacterium gregoryi
50147,MTD5272,Natronobacterium gregoryi,log Growth Rate,-0.565217,log(h-1),0.00015784,s^-1,43.1176,Celsius,Archaea,Euryarchaeota,Halobacteria,Natrialbales,Natrialbaceae,Natronobacterium,gregoryi,,,Natronobacterium gregoryi
50148,MTD5272,Natronobacterium gregoryi,log Growth Rate,-0.608696,log(h-1),0.00015113,s^-1,41.0915,Celsius,Archaea,Euryarchaeota,Halobacteria,Natrialbales,Natrialbaceae,Natronobacterium,gregoryi,,,Natronobacterium gregoryi
50149,MTD5272,Natronobacterium gregoryi,log Growth Rate,-0.657609,log(h-1),0.00014391,s^-1,39.1961,Celsius,Archaea,Euryarchaeota,Halobacteria,Natrialbales,Natrialbaceae,Natronobacterium,gregoryi,,,Natronobacterium gregoryi
50150,MTD5272,Natronobacterium gregoryi,log Growth Rate,-0.7554350000000001,log(h-1),0.0001305,s^-1,37.1699,Celsius,Archaea,Euryarchaeota,Halobacteria,Natrialbales,Natrialbaceae,Natronobacterium,gregoryi,,,Natronobacterium gregoryi
50151,MTD5272,Natronobacterium gregoryi,log Growth Rate,-0.782609,log(h-1),0.000127,s^-1,35.2092,Celsius,Archaea,Euryarchaeota,Halobacteria,Natrialbales,Natrialbaceae,Natronobacterium,gregoryi,,,Natronobacterium gregoryi
50152,MTD5272,Natronobacterium gregoryi,log Growth Rate,-0.86413,log(h-1),0.00011706,s^-1,33.3137,Celsius,Archaea,Euryarchaeota,Halobacteria,Natrialbales,Natrialbaceae,Natronobacterium,gregoryi,,,Natronobacterium gregoryi
50153,MTD5272,Natronobacterium gregoryi,log Growth Rate,-0.945652,log(h-1),0.0001079,s^-1,31.0915,Celsius,Archaea,Euryarchaeota,Halobacteria,Natrialbales,Natrialbaceae,Natronobacterium,gregoryi,,,Natronobacterium gregoryi
50154,MTD5272,Natronobacterium gregoryi,log Growth Rate,-1.1195700000000002,log(h-1),9.070000000000001e-05,s^-1,29.1961,Celsius,Archaea,Euryarchaeota,Halobacteria,Natrialbales,Natrialbaceae,Natronobacterium,gregoryi,,,Natronobacterium gregoryi
50155,MTD5272,Natronobacterium gregoryi,log Growth Rate,-1.2282600000000001,log(h-1),8.13e-05,s^-1,26.9739,Celsius,Archaea,Euryarchaeota,Halobacteria,Natrialbales,Natrialbaceae,Natronobacterium,gregoryi,,,Natronobacterium gregoryi
50156,MTD5272,Natronobacterium gregoryi,log Growth Rate,-1.40761,log(h-1),6.8e-05,s^-1,25.0784,Celsius,Archaea,Euryarchaeota,Halobacteria,Natrialbales,Natrialbaceae,Natronobacterium,gregoryi,,,Natronobacterium gregoryi
50157,MTD5272,Natronobacterium gregoryi,log Growth Rate,-1.5,log(h-1),6.2e-05,s^-1,23.1176,Celsius,Archaea,Euryarchaeota,Halobacteria,Natrialbales,Natrialbaceae,Natronobacterium,gregoryi,,,Natronobacterium gregoryi
50158,MTD5273,Natronococcus occultus,log Growth Rate,-0.75471,log(h-1),0.0001306,s^-1,54.099,Celsius,Archaea,Euryarchaeota,Halobacteria,Natrialbales,Natrialbaceae,Natronococcus,occultus,,,Natronococcus occultus
50159,MTD5273,Natronococcus occultus,log Growth Rate,-0.765918,log(h-1),0.00012914,s^-1,53.1767,Celsius,Archaea,Euryarchaeota,Halobacteria,Natrialbales,Natrialbaceae,Natronococcus,occultus,,,Natronococcus occultus
50160,MTD5273,Natronococcus occultus,log Growth Rate,-0.7440399999999999,log(h-1),0.000132,s^-1,51.1334,Celsius,Archaea,Euryarchaeota,Halobacteria,Natrialbales,Natrialbaceae,Natronococcus,occultus,,,Natronococcus occultus
50161,MTD5273,Natronococcus occultus,log Growth Rate,-0.661212,log(h-1),0.00014340000000000002,s^-1,49.1549,Celsius,Archaea,Euryarchaeota,Halobacteria,Natrialbales,Natrialbaceae,Natronococcus,occultus,,,Natronococcus occultus
50162,MTD5273,Natronococcus occultus,log Growth Rate,-0.650396,log(h-1),0.00014496,s^-1,47.2436,Celsius,Archaea,Euryarchaeota,Halobacteria,Natrialbales,Natrialbaceae,Natronococcus,occultus,,,Natronococcus occultus
50163,MTD5273,Natronococcus occultus,log Growth Rate,-0.584206,log(h-1),0.00015488,s^-1,45.1336,Celsius,Archaea,Euryarchaeota,Halobacteria,Natrialbales,Natrialbaceae,Natronococcus,occultus,,,Natronococcus occultus
50164,MTD5273,Natronococcus occultus,log Growth Rate,-0.673104,log(h-1),0.00014169999999999997,s^-1,43.2902,Celsius,Archaea,Euryarchaeota,Halobacteria,Natrialbales,Natrialbaceae,Natronococcus,occultus,,,Natronococcus occultus
50165,MTD5273,Natronococcus occultus,log Growth Rate,-0.767588,log(h-1),0.00012893,s^-1,41.1174,Celsius,Archaea,Euryarchaeota,Halobacteria,Natrialbales,Natrialbaceae,Natronococcus,occultus,,,Natronococcus occultus
50166,MTD5273,Natronococcus occultus,log Growth Rate,-0.801093,log(h-1),0.00012468,s^-1,39.207,Celsius,Archaea,Euryarchaeota,Halobacteria,Natrialbales,Natrialbaceae,Natronococcus,occultus,,,Natronococcus occultus
50167,MTD5273,Natronococcus occultus,log Growth Rate,-0.8235370000000001,log(h-1),0.00012191,s^-1,37.1646,Celsius,Archaea,Euryarchaeota,Halobacteria,Natrialbales,Natrialbaceae,Natronococcus,occultus,,,Natronococcus occultus
50168,MTD5273,Natronococcus occultus,log Growth Rate,-0.901373,log(h-1),0.00011278,s^-1,35.1892,Celsius,Archaea,Euryarchaeota,Halobacteria,Natrialbales,Natrialbaceae,Natronococcus,occultus,,,Natronococcus occultus
50169,MTD5273,Natronococcus occultus,log Growth Rate,-0.9515440000000001,log(h-1),0.00010726,s^-1,32.9497,Celsius,Archaea,Euryarchaeota,Halobacteria,Natrialbales,Natrialbaceae,Natronococcus,occultus,,,Natronococcus occultus
50170,MTD5273,Natronococcus occultus,log Growth Rate,-1.0238200000000002,log(h-1),9.98e-05,s^-1,31.105999999999998,Celsius,Archaea,Euryarchaeota,Halobacteria,Natrialbales,Natrialbaceae,Natronococcus,occultus,,,Natronococcus occultus
50171,MTD5273,Natronococcus occultus,log Growth Rate,-1.1626299999999998,log(h-1),8.690000000000001e-05,s^-1,28.934,Celsius,Archaea,Euryarchaeota,Halobacteria,Natrialbales,Natrialbaceae,Natronococcus,occultus,,,Natronococcus occultus
50172,MTD5273,Natronococcus occultus,log Growth Rate,-1.3512600000000001,log(h-1),7.190000000000001e-05,s^-1,27.0267,Celsius,Archaea,Euryarchaeota,Halobacteria,Natrialbales,Natrialbaceae,Natronococcus,occultus,,,Natronococcus occultus
50173,MTD5273,Natronococcus occultus,log Growth Rate,-1.54544,log(h-1),5.920000000000001e-05,s^-1,24.9877,Celsius,Archaea,Euryarchaeota,Halobacteria,Natrialbales,Natrialbaceae,Natronococcus,occultus,,,Natronococcus occultus
50174,MTD5273,Natronococcus occultus,log Growth Rate,-1.6676,log(h-1),5.24e-05,s^-1,23.0131,Celsius,Archaea,Euryarchaeota,Halobacteria,Natrialbales,Natrialbaceae,Natronococcus,occultus,,,Natronococcus occultus
50175,MTD5274,Natronomonas pharaonis,log Growth Rate,-1.00209,log(h-1),0.00010198,s^-1,55.8588,Celsius,Archaea,Euryarchaeota,Halobacteria,Halobacteriales,Halobacteriaceae,Natronomonas,pharaonis,,,Natronomonas pharaonis
50176,MTD5274,Natronomonas pharaonis,log Growth Rate,-0.937631,log(h-1),0.00010877,s^-1,54.9388,Celsius,Archaea,Euryarchaeota,Halobacteria,Halobacteriales,Halobacteriaceae,Natronomonas,pharaonis,,,Natronomonas pharaonis
50177,MTD5274,Natronomonas pharaonis,log Growth Rate,-0.770119,log(h-1),0.0001286,s^-1,53.0337,Celsius,Archaea,Euryarchaeota,Halobacteria,Halobacteriales,Halobacteriaceae,Natronomonas,pharaonis,,,Natronomonas pharaonis
50178,MTD5274,Natronomonas pharaonis,log Growth Rate,-0.673337,log(h-1),0.00014167,s^-1,51.0617,Celsius,Archaea,Euryarchaeota,Halobacteria,Halobacteriales,Halobacteriaceae,Natronomonas,pharaonis,,,Natronomonas pharaonis
50179,MTD5274,Natronomonas pharaonis,log Growth Rate,-0.627993,log(h-1),0.00014824,s^-1,49.023,Celsius,Archaea,Euryarchaeota,Halobacteria,Halobacteriales,Halobacteriaceae,Natronomonas,pharaonis,,,Natronomonas pharaonis
50180,MTD5274,Natronomonas pharaonis,log Growth Rate,-0.556945,log(h-1),0.00015916,s^-1,47.1163,Celsius,Archaea,Euryarchaeota,Halobacteria,Halobacteriales,Halobacteriaceae,Natronomonas,pharaonis,,,Natronomonas pharaonis
50181,MTD5274,Natronomonas pharaonis,log Growth Rate,-0.447291,log(h-1),0.0001776,s^-1,45.0786,Celsius,Archaea,Euryarchaeota,Halobacteria,Halobacteriales,Halobacteriaceae,Natronomonas,pharaonis,,,Natronomonas pharaonis
50182,MTD5274,Natronomonas pharaonis,log Growth Rate,-0.46625600000000006,log(h-1),0.00017426,s^-1,43.0388,Celsius,Archaea,Euryarchaeota,Halobacteria,Halobacteriales,Halobacteriaceae,Natronomonas,pharaonis,,,Natronomonas pharaonis
50183,MTD5274,Natronomonas pharaonis,log Growth Rate,-0.54311,log(h-1),0.00016137,s^-1,41.0639,Celsius,Archaea,Euryarchaeota,Halobacteria,Halobacteriales,Halobacteriaceae,Natronomonas,pharaonis,,,Natronomonas pharaonis
50184,MTD5274,Natronomonas pharaonis,log Growth Rate,-0.639257,log(h-1),0.00014658,s^-1,39.0886,Celsius,Archaea,Euryarchaeota,Halobacteria,Halobacteriales,Halobacteriaceae,Natronomonas,pharaonis,,,Natronomonas pharaonis
50185,MTD5274,Natronomonas pharaonis,log Growth Rate,-0.76115,log(h-1),0.00012976,s^-1,37.2444,Celsius,Archaea,Euryarchaeota,Halobacteria,Halobacteriales,Halobacteriaceae,Natronomonas,pharaonis,,,Natronomonas pharaonis
50186,MTD5274,Natronomonas pharaonis,log Growth Rate,-0.9022610000000001,log(h-1),0.00011268,s^-1,34.9394,Celsius,Archaea,Euryarchaeota,Halobacteria,Halobacteriales,Halobacteriaceae,Natronomonas,pharaonis,,,Natronomonas pharaonis
50187,MTD5274,Natronomonas pharaonis,log Growth Rate,-1.02415,log(h-1),9.98e-05,s^-1,33.0952,Celsius,Archaea,Euryarchaeota,Halobacteria,Halobacteriales,Halobacteriaceae,Natronomonas,pharaonis,,,Natronomonas pharaonis
50188,MTD5274,Natronomonas pharaonis,log Growth Rate,-1.0817,log(h-1),9.42e-05,s^-1,31.0548,Celsius,Archaea,Euryarchaeota,Halobacteria,Halobacteriales,Halobacteriaceae,Natronomonas,pharaonis,,,Natronomonas pharaonis
50189,MTD5274,Natronomonas pharaonis,log Growth Rate,-1.21644,log(h-1),8.23e-05,s^-1,29.0789,Celsius,Archaea,Euryarchaeota,Halobacteria,Halobacteriales,Halobacteriaceae,Natronomonas,pharaonis,,,Natronomonas pharaonis
50190,MTD5274,Natronomonas pharaonis,log Growth Rate,-1.31902,log(h-1),7.43e-05,s^-1,27.1034,Celsius,Archaea,Euryarchaeota,Halobacteria,Halobacteriales,Halobacteriaceae,Natronomonas,pharaonis,,,Natronomonas pharaonis
50191,MTD5274,Natronomonas pharaonis,log Growth Rate,-1.49878,log(h-1),6.21e-05,s^-1,25.1925,Celsius,Archaea,Euryarchaeota,Halobacteria,Halobacteriales,Halobacteriaceae,Natronomonas,pharaonis,,,Natronomonas pharaonis
50192,MTD5274,Natronomonas pharaonis,log Growth Rate,-1.60774,log(h-1),5.56e-05,s^-1,22.9538,Celsius,Archaea,Euryarchaeota,Halobacteria,Halobacteriales,Halobacteriaceae,Natronomonas,pharaonis,,,Natronomonas pharaonis
50193,MTD5275,Natronorubrum bangense,log Growth Rate,-0.691261,log(h-1),0.00013915,s^-1,50.0369,Celsius,Archaea,Euryarchaeota,Halobacteria,Natrialbales,Natrialbaceae,Natronorubrum,bangense,,,Natronorubrum bangense
50194,MTD5275,Natronorubrum bangense,log Growth Rate,-0.6288159999999999,log(h-1),0.00014812,s^-1,48.9867,Celsius,Archaea,Euryarchaeota,Halobacteria,Natrialbales,Natrialbaceae,Natronorubrum,bangense,,,Natronorubrum bangense
50195,MTD5275,Natronorubrum bangense,log Growth Rate,-0.594378,log(h-1),0.00015331,s^-1,47.0801,Celsius,Archaea,Euryarchaeota,Halobacteria,Natrialbales,Natrialbaceae,Natronorubrum,bangense,,,Natronorubrum bangense
50196,MTD5275,Natronorubrum bangense,log Growth Rate,-0.5825020000000001,log(h-1),0.00015514,s^-1,45.0411,Celsius,Archaea,Euryarchaeota,Halobacteria,Natrialbales,Natrialbaceae,Natronorubrum,bangense,,,Natronorubrum bangense
50197,MTD5275,Natronorubrum bangense,log Growth Rate,-0.581963,log(h-1),0.00015522,s^-1,43.1332,Celsius,Archaea,Euryarchaeota,Halobacteria,Natrialbales,Natrialbaceae,Natronorubrum,bangense,,,Natronorubrum bangense
50198,MTD5275,Natronorubrum bangense,log Growth Rate,-0.649147,log(h-1),0.00014514,s^-1,40.9596,Celsius,Archaea,Euryarchaeota,Halobacteria,Natrialbales,Natrialbaceae,Natronorubrum,bangense,,,Natronorubrum bangense
50199,MTD5275,Natronorubrum bangense,log Growth Rate,-0.772903,log(h-1),0.00012824,s^-1,39.047,Celsius,Archaea,Euryarchaeota,Halobacteria,Natrialbales,Natrialbaceae,Natronorubrum,bangense,,,Natronorubrum bangense
50200,MTD5275,Natronorubrum bangense,log Growth Rate,-0.868373,log(h-1),0.00011657,s^-1,37.0038,Celsius,Archaea,Euryarchaeota,Halobacteria,Natrialbales,Natrialbaceae,Natronorubrum,bangense,,,Natronorubrum bangense
50201,MTD5275,Natronorubrum bangense,log Growth Rate,-0.941263,log(h-1),0.00010837,s^-1,35.0274,Celsius,Archaea,Euryarchaeota,Halobacteria,Natrialbales,Natrialbaceae,Natronorubrum,bangense,,,Natronorubrum bangense
50202,MTD5275,Natronorubrum bangense,log Growth Rate,-1.0198,log(h-1),0.00010019,s^-1,33.0507,Celsius,Archaea,Euryarchaeota,Halobacteria,Natrialbales,Natrialbaceae,Natronorubrum,bangense,,,Natronorubrum bangense
50203,MTD5275,Natronorubrum bangense,log Growth Rate,-1.13783,log(h-1),8.9e-05,s^-1,30.8751,Celsius,Archaea,Euryarchaeota,Halobacteria,Natrialbales,Natrialbaceae,Natronorubrum,bangense,,,Natronorubrum bangense
50204,MTD5275,Natronorubrum bangense,log Growth Rate,-1.21076,log(h-1),8.28e-05,s^-1,29.0302,Celsius,Archaea,Euryarchaeota,Halobacteria,Natrialbales,Natrialbaceae,Natronorubrum,bangense,,,Natronorubrum bangense
50205,MTD5275,Natronorubrum bangense,log Growth Rate,-1.36277,log(h-1),7.11e-05,s^-1,27.1165,Celsius,Archaea,Euryarchaeota,Halobacteria,Natrialbales,Natrialbaceae,Natronorubrum,bangense,,,Natronorubrum bangense
50206,MTD5275,Natronorubrum bangense,log Growth Rate,-1.526,log(h-1),6.04e-05,s^-1,24.9392,Celsius,Archaea,Euryarchaeota,Halobacteria,Natrialbales,Natrialbaceae,Natronorubrum,bangense,,,Natronorubrum bangense
50207,MTD5275,Natronorubrum bangense,log Growth Rate,-1.67235,log(h-1),5.22e-05,s^-1,23.0257,Celsius,Archaea,Euryarchaeota,Halobacteria,Natrialbales,Natrialbaceae,Natronorubrum,bangense,,,Natronorubrum bangense
