Phylum,GenusSpecies,SizeValue,SizeUnit,SizeType,Shape,Sources,Notes
,Gymnodinium sanguineum,1.3200000000000002e-13,m^3,,,,
,Gymnodinium sanguineum,1.3200000000000002e-13,m^3,,,,
,Gymnodinium sanguineum,1.3200000000000002e-13,m^3,,,,
,Gymnodinium sanguineum,1.3200000000000002e-13,m^3,,,,
,Gymnodinium sanguineum,1.3200000000000002e-13,m^3,,,,
,Gymnodinium sanguineum,1.3200000000000002e-13,m^3,,,,
,Gymnodinium sanguineum,1.3200000000000002e-13,m^3,,,,
,Gymnodinium sanguineum,1.3200000000000002e-13,m^3,,,,
,Gymnodinium sanguineum,1.3200000000000002e-13,m^3,,,,
,Gymnodinium sanguineum,1.3200000000000002e-13,m^3,,,,
,Gymnodinium sanguineum,1.3200000000000002e-13,m^3,,,,
,Gymnodinium sanguineum,1.3200000000000002e-13,m^3,,,,
,Alexandrium catenella,9.740000000000001e-15,m^3,,,,
,Alexandrium catenella,9.740000000000001e-15,m^3,,,,
,Alexandrium catenella,9.740000000000001e-15,m^3,,,,
,Alexandrium catenella,9.740000000000001e-15,m^3,,,,
,Alexandrium catenella,9.740000000000001e-15,m^3,,,,
,Alexandrium catenella,9.740000000000001e-15,m^3,,,,
,Alexandrium ostenfeldii,2.82e-14,m^3,,,,
,Alexandrium ostenfeldii,2.82e-14,m^3,,,,
,Alexandrium ostenfeldii,1.85e-14,m^3,,,,
,Alexandrium ostenfeldii,1.85e-14,m^3,,,,
,Alexandrium ostenfeldii,1.44e-14,m^3,,,,
,Alexandrium ostenfeldii,1.44e-14,m^3,,,,
,Alexandrium ostenfeldii,1.44e-14,m^3,,,,
,Alexandrium ostenfeldii,1.44e-14,m^3,,,,
,Amphidinium klebsii,1.11e-14,m^3,,,,
,Amphidinium klebsii,1.11e-14,m^3,,,,
,Amphidinium klebsii,1.11e-14,m^3,,,,
,Amphidinium klebsii,1.11e-14,m^3,,,,
,Amphidinium klebsii,1.11e-14,m^3,,,,
,Amphidinium klebsii,1.11e-14,m^3,,,,
,Amphidinium klebsii,1.11e-14,m^3,,,,
,Amphidinium klebsii,1.11e-14,m^3,,,,
,Amphidinium klebsii,1.11e-14,m^3,,,,
Bacillariophyta,Amphiprora paludosa,1.9300000000000002e-15,m^3,,,,
Bacillariophyta,Amphiprora paludosa,1.9300000000000002e-15,m^3,,,,
Bacillariophyta,Amphiprora paludosa,1.9300000000000002e-15,m^3,,,,
Bacillariophyta,Amphiprora paludosa,1.9300000000000002e-15,m^3,,,,
Bacillariophyta,Amphiprora paludosa,1.9300000000000002e-15,m^3,,,,
Bacillariophyta,Amphiprora paludosa,1.9300000000000002e-15,m^3,,,,
Bacillariophyta,Amphiprora paludosa,1.9300000000000002e-15,m^3,,,,
Bacillariophyta,Asterionella formosa,2.53e-15,m^3,,,,
Bacillariophyta,Asterionella formosa,2.53e-15,m^3,,,,
Bacillariophyta,Asterionella formosa,2.53e-15,m^3,,,,
Bacillariophyta,Asterionella formosa,2.53e-15,m^3,,,,
Bacillariophyta,Asterionella formosa,2.53e-15,m^3,,,,
Bacillariophyta,Asterionella formosa,2.53e-15,m^3,,,,
Bacillariophyta,Asterionella formosa,2.53e-15,m^3,,,,
Bacillariophyta,Asterionella formosa,2.53e-15,m^3,,,,
Bacillariophyta,Asterionella formosa,2.53e-15,m^3,,,,
Bacillariophyta,Asterionellopsis glacialis,4.4399999999999996e-15,m^3,,,,
Bacillariophyta,Asterionellopsis glacialis,4.4399999999999996e-15,m^3,,,,
Bacillariophyta,Asterionellopsis glacialis,4.4399999999999996e-15,m^3,,,,
Bacillariophyta,Asterionellopsis glacialis,4.4399999999999996e-15,m^3,,,,
Bacillariophyta,Asterionellopsis glacialis,4.4399999999999996e-15,m^3,,,,
Bacillariophyta,Asterionellopsis glacialis,4.4399999999999996e-15,m^3,,,,
Bacillariophyta,Asterionellopsis glacialis,4.4399999999999996e-15,m^3,,,,
Bacillariophyta,Asterionellopsis glacialis,4.4399999999999996e-15,m^3,,,,
Bacillariophyta,Asterionellopsis glacialis,4.4399999999999996e-15,m^3,,,,
Bacillariophyta,Asterionellopsis glacialis,4.4399999999999996e-15,m^3,,,,
Bacillariophyta,Odontella aurita,2.23e-14,m^3,,,,
Bacillariophyta,Odontella aurita,1.97e-14,m^3,,,,
Bacillariophyta,Odontella aurita,5.06e-15,m^3,,,,
Bacillariophyta,Odontella aurita,7.0599999999999995e-15,m^3,,,,
Bacillariophyta,Odontella aurita,7.0599999999999995e-15,m^3,,,,
Bacillariophyta,Odontella aurita,8.28e-15,m^3,,,,
Bacillariophyta,Odontella aurita,8.28e-15,m^3,,,,
,Ceratium furca,1.26e-13,m^3,,,,
,Ceratium furca,1.26e-13,m^3,,,,
,Ceratium furca,1.26e-13,m^3,,,,
,Ceratium furca,1.26e-13,m^3,,,,
,Ceratium furca,1.26e-13,m^3,,,,
,Ceratium furca,1.26e-13,m^3,,,,
,Ceratium furca,1.26e-13,m^3,,,,
,Ceratium furca,1.26e-13,m^3,,,,
,Ceratium furca,1.26e-13,m^3,,,,
,Ceratium furca,1.26e-13,m^3,,,,
,Ceratium fusus,1.7800000000000002e-13,m^3,,,,
,Ceratium fusus,1.7800000000000002e-13,m^3,,,,
,Ceratium fusus,1.7800000000000002e-13,m^3,,,,
,Ceratium fusus,1.7800000000000002e-13,m^3,,,,
,Ceratium fusus,1.7800000000000002e-13,m^3,,,,
,Ceratium fusus,1.7800000000000002e-13,m^3,,,,
,Ceratium fusus,1.7800000000000002e-13,m^3,,,,
,Ceratium fusus,1.7800000000000002e-13,m^3,,,,
,Ceratium fusus,1.7800000000000002e-13,m^3,,,,
,Ceratium fusus,1.7800000000000002e-13,m^3,,,,
Bacillariophyta,Chaetoceros simplex,1.6599999999999999e-16,m^3,,,,
Bacillariophyta,Chaetoceros simplex,1.83e-16,m^3,,,,
Bacillariophyta,Chaetoceros simplex,1.96e-16,m^3,,,,
Bacillariophyta,Chaetoceros simplex,1.27e-16,m^3,,,,
Bacillariophyta,Chaetoceros simplex,1.89e-16,m^3,,,,
Bacillariophyta,Chaetoceros simplex,1.5900000000000002e-16,m^3,,,,
Bacillariophyta,Chaetoceros simplex,1.55e-16,m^3,,,,
Bacillariophyta,Chaetoceros simplex,1.6599999999999999e-16,m^3,,,,
Bacillariophyta,Chaetoceros simplex,1.6599999999999999e-16,m^3,,,,
Bacillariophyta,Chaetoceros simplex,1.6599999999999999e-16,m^3,,,,
Bacillariophyta,Chaetoceros simplex,1.6599999999999999e-16,m^3,,,,
Bacillariophyta,Chaetoceros simplex,1.6599999999999999e-16,m^3,,,,
Bacillariophyta,Chaetoceros simplex,1.6599999999999999e-16,m^3,,,,
Bacillariophyta,Chaetoceros simplex,1.6599999999999999e-16,m^3,,,,
Bacillariophyta,Chaetoceros simplex,1.6599999999999999e-16,m^3,,,,
Bacillariophyta,Chaetoceros simplex,1.6599999999999999e-16,m^3,,,,
Bacillariophyta,Chaetoceros simplex,1.6599999999999999e-16,m^3,,,,
Bacillariophyta,Chaetoceros simplex,1.6599999999999999e-16,m^3,,,,
Bacillariophyta,Chaetoceros simplex,1.6599999999999999e-16,m^3,,,,
Bacillariophyta,Chaetoceros simplex,1.6599999999999999e-16,m^3,,,,
Chlorophyta,Chlamydomonas intermedia,6.5e-17,m^3,,,,
Chlorophyta,Chlamydomonas intermedia,6.5e-17,m^3,,,,
Chlorophyta,Chlamydomonas intermedia,6.5e-17,m^3,,,,
Chlorophyta,Chlamydomonas intermedia,6.5e-17,m^3,,,,
Chlorophyta,Chlamydomonas intermedia,6.5e-17,m^3,,,,
Chlorophyta,Chlamydomonas intermedia,6.5e-17,m^3,,,,
Chlorophyta,Chlamydomonas intermedia,6.5e-17,m^3,,,,
Chlorophyta,Chlamydomonas intermedia,6.5e-17,m^3,,,,
Chlorophyta,Chlamydomonas subcaudata,1.44e-16,m^3,,,,
Chlorophyta,Chlamydomonas subcaudata,1.44e-16,m^3,,,,
Chlorophyta,Chlamydomonas subcaudata,1.44e-16,m^3,,,,
Chlorophyta,Chlamydomonas subcaudata,1.44e-16,m^3,,,,
Chlorophyta,Chlamydomonas subcaudata,1.44e-16,m^3,,,,
Chlorophyta,Chlamydomonas subcaudata,1.44e-16,m^3,,,,
Chlorophyta,Chlamydomonas subcaudata,1.44e-16,m^3,,,,
Chlorophyta,Chlamydomonas subcaudata,1.44e-16,m^3,,,,
Chlorophyta,Chlorella vulgaris,1.11e-17,m^3,,,,
Chlorophyta,Chlorella vulgaris,1.11e-17,m^3,,,,
Chlorophyta,Chlorella vulgaris,1.11e-17,m^3,,,,
Chlorophyta,Chlorella vulgaris,1.11e-17,m^3,,,,
Chlorophyta,Chlorella vulgaris,1.11e-17,m^3,,,,
Chlorophyta,Chlorella vulgaris,1.11e-17,m^3,,,,
Chlorophyta,Chlorella vulgaris,1.11e-17,m^3,,,,
Haptophyta,Prymnesium polylepis,1.8000000000000002e-16,m^3,,,,
Haptophyta,Prymnesium polylepis,1.8000000000000002e-16,m^3,,,,
Haptophyta,Prymnesium polylepis,1.8000000000000002e-16,m^3,,,,
Haptophyta,Prymnesium polylepis,1.8000000000000002e-16,m^3,,,,
Haptophyta,Prymnesium polylepis,1.8000000000000002e-16,m^3,,,,
Haptophyta,Prymnesium polylepis,1.8000000000000002e-16,m^3,,,,
Haptophyta,Prymnesium polylepis,1.8000000000000002e-16,m^3,,,,
Haptophyta,Prymnesium polylepis,1.8000000000000002e-16,m^3,,,,
Haptophyta,Prymnesium polylepis,1.8000000000000002e-16,m^3,,,,
Haptophyta,Prymnesium polylepis,1.8000000000000002e-16,m^3,,,,
Haptophyta,Prymnesium polylepis,1.8000000000000002e-16,m^3,,,,
Haptophyta,Prymnesium polylepis,1.8000000000000002e-16,m^3,,,,
Haptophyta,Prymnesium polylepis,1.8000000000000002e-16,m^3,,,,
Haptophyta,Prymnesium polylepis,1.8000000000000002e-16,m^3,,,,
Haptophyta,Prymnesium polylepis,1.8000000000000002e-16,m^3,,,,
Haptophyta,Prymnesium polylepis,1.8000000000000002e-16,m^3,,,,
Haptophyta,Prymnesium polylepis,1.8000000000000002e-16,m^3,,,,
Haptophyta,Prymnesium polylepis,1.8000000000000002e-16,m^3,,,,
Haptophyta,Prymnesium polylepis,1.8000000000000002e-16,m^3,,,,
Haptophyta,Prymnesium polylepis,1.8000000000000002e-16,m^3,,,,
Haptophyta,Prymnesium polylepis,1.8000000000000002e-16,m^3,,,,
Haptophyta,Prymnesium polylepis,1.8000000000000002e-16,m^3,,,,
Haptophyta,Prymnesium polylepis,1.8000000000000002e-16,m^3,,,,
Haptophyta,Prymnesium polylepis,1.8000000000000002e-16,m^3,,,,
Haptophyta,Prymnesium polylepis,1.8000000000000002e-16,m^3,,,,
Haptophyta,Prymnesium polylepis,1.8000000000000002e-16,m^3,,,,
Haptophyta,Prymnesium polylepis,1.8000000000000002e-16,m^3,,,,
Haptophyta,Prymnesium polylepis,1.8000000000000002e-16,m^3,,,,
Haptophyta,Prymnesium polylepis,1.8000000000000002e-16,m^3,,,,
Haptophyta,Prymnesium polylepis,1.8000000000000002e-16,m^3,,,,
Haptophyta,Prymnesium polylepis,1.8000000000000002e-16,m^3,,,,
Haptophyta,Prymnesium polylepis,1.8000000000000002e-16,m^3,,,,
Haptophyta,Prymnesium polylepis,1.8000000000000002e-16,m^3,,,,
Haptophyta,Prymnesium polylepis,1.8000000000000002e-16,m^3,,,,
Haptophyta,Prymnesium polylepis,1.8000000000000002e-16,m^3,,,,
Haptophyta,Prymnesium polylepis,1.8000000000000002e-16,m^3,,,,
Haptophyta,Prymnesium polylepis,1.8000000000000002e-16,m^3,,,,
Haptophyta,Prymnesium polylepis,1.8000000000000002e-16,m^3,,,,
Streptophyta,Closterium acutum,9e-16,m^3,,,,
Streptophyta,Closterium acutum,9e-16,m^3,,,,
Streptophyta,Closterium acutum,9e-16,m^3,,,,
Streptophyta,Closterium acutum,9e-16,m^3,,,,
Streptophyta,Closterium acutum,9e-16,m^3,,,,
Streptophyta,Closterium acutum,9e-16,m^3,,,,
Streptophyta,Closterium limneticum,5.229999999999999e-15,m^3,,,,
Streptophyta,Closterium limneticum,5.229999999999999e-15,m^3,,,,
Streptophyta,Closterium limneticum,5.229999999999999e-15,m^3,,,,
Streptophyta,Closterium limneticum,5.229999999999999e-15,m^3,,,,
Streptophyta,Closterium limneticum,5.229999999999999e-15,m^3,,,,
Streptophyta,Closterium limneticum,5.229999999999999e-15,m^3,,,,
,Cochlodinium polykrikoides,2.46e-14,m^3,,,,
,Cochlodinium polykrikoides,2.46e-14,m^3,,,,
,Cochlodinium polykrikoides,2.46e-14,m^3,,,,
,Cochlodinium polykrikoides,2.46e-14,m^3,,,,
,Cochlodinium polykrikoides,2.46e-14,m^3,,,,
,Cochlodinium polykrikoides,2.46e-14,m^3,,,,
,Cochlodinium polykrikoides,2.46e-14,m^3,,,,
,Cochlodinium polykrikoides,2.46e-14,m^3,,,,
,Cochlodinium polykrikoides,2.46e-14,m^3,,,,
,Cochlodinium polykrikoides,2.46e-14,m^3,,,,
,Cochlodinium polykrikoides,2.46e-14,m^3,,,,
,Cochlodinium polykrikoides,2.46e-14,m^3,,,,
,Cochlodinium polykrikoides,2.46e-14,m^3,,,,
,Cochlodinium polykrikoides,2.46e-14,m^3,,,,
,Cochlodinium polykrikoides,2.46e-14,m^3,,,,
,Cochlodinium polykrikoides,2.46e-14,m^3,,,,
,Cochlodinium polykrikoides,2.46e-14,m^3,,,,
,Cochlodinium polykrikoides,2.46e-14,m^3,,,,
,Cochlodinium polykrikoides,2.46e-14,m^3,,,,
,Cochlodinium polykrikoides,2.46e-14,m^3,,,,
,Cochlodinium polykrikoides,2.46e-14,m^3,,,,
,Cochlodinium polykrikoides,2.46e-14,m^3,,,,
,Cochlodinium polykrikoides,2.46e-14,m^3,,,,
,Cochlodinium polykrikoides,2.46e-14,m^3,,,,
,Cochlodinium polykrikoides,2.46e-14,m^3,,,,
,Cochlodinium polykrikoides,2.46e-14,m^3,,,,
,Cochlodinium polykrikoides,2.46e-14,m^3,,,,
,Cochlodinium polykrikoides,2.46e-14,m^3,,,,
,Cochlodinium polykrikoides,2.46e-14,m^3,,,,
,Cochlodinium polykrikoides,2.46e-14,m^3,,,,
,Cochlodinium polykrikoides,2.46e-14,m^3,,,,
,Cochlodinium polykrikoides,2.46e-14,m^3,,,,
,Cochlodinium polykrikoides,2.46e-14,m^3,,,,
,Cochlodinium polykrikoides,2.46e-14,m^3,,,,
,Cochlodinium polykrikoides,2.46e-14,m^3,,,,
,Cochlodinium polykrikoides,2.46e-14,m^3,,,,
,Cochlodinium polykrikoides,2.46e-14,m^3,,,,
,Cochlodinium polykrikoides,2.46e-14,m^3,,,,
,Cochlodinium polykrikoides,2.46e-14,m^3,,,,
,Cochlodinium polykrikoides,2.46e-14,m^3,,,,
,Cochlodinium polykrikoides,2.46e-14,m^3,,,,
,Cochlodinium polykrikoides,2.46e-14,m^3,,,,
,Cochlodinium polykrikoides,2.46e-14,m^3,,,,
,Cochlodinium polykrikoides,2.46e-14,m^3,,,,
,Cochlodinium polykrikoides,2.46e-14,m^3,,,,
,Cochlodinium polykrikoides,2.46e-14,m^3,,,,
,Cochlodinium polykrikoides,2.46e-14,m^3,,,,
,Cochlodinium polykrikoides,2.46e-14,m^3,,,,
,Cochlodinium polykrikoides,2.46e-14,m^3,,,,
,Cochlodinium polykrikoides,2.46e-14,m^3,,,,
,Cochlodinium polykrikoides,2.46e-14,m^3,,,,
,Cochlodinium polykrikoides,2.46e-14,m^3,,,,
,Cochlodinium polykrikoides,2.46e-14,m^3,,,,
,Cochlodinium polykrikoides,2.46e-14,m^3,,,,
,Cochlodinium polykrikoides,2.46e-14,m^3,,,,
,Cochlodinium polykrikoides,2.46e-14,m^3,,,,
,Cochlodinium polykrikoides,2.46e-14,m^3,,,,
,Cochlodinium polykrikoides,2.46e-14,m^3,,,,
,Cochlodinium polykrikoides,2.46e-14,m^3,,,,
,Cochlodinium polykrikoides,2.46e-14,m^3,,,,
,Cochlodinium polykrikoides,2.46e-14,m^3,,,,
,Cochlodinium polykrikoides,2.46e-14,m^3,,,,
,Cochlodinium polykrikoides,2.46e-14,m^3,,,,
,Cochlodinium polykrikoides,2.46e-14,m^3,,,,
,Cochlodinium polykrikoides,2.46e-14,m^3,,,,
,Coolia monotis,1.66e-14,m^3,,,,
,Coolia monotis,1.66e-14,m^3,,,,
,Coolia monotis,1.66e-14,m^3,,,,
,Coolia monotis,1.66e-14,m^3,,,,
,Coolia monotis,1.66e-14,m^3,,,,
,Coolia monotis,1.66e-14,m^3,,,,
Bacillariophyta,Chaetoceros criophilus,3.8e-14,m^3,,,,
Bacillariophyta,Chaetoceros criophilus,3.8e-14,m^3,,,,
Bacillariophyta,Chaetoceros criophilus,3.8e-14,m^3,,,,
Bacillariophyta,Chaetoceros criophilus,3.8e-14,m^3,,,,
Bacillariophyta,Chaetoceros criophilus,3.8e-14,m^3,,,,
Bacillariophyta,Chaetoceros criophilus,3.8e-14,m^3,,,,
Bacillariophyta,Chaetoceros criophilus,3.8e-14,m^3,,,,
Bacillariophyta,Chaetoceros criophilus,3.8e-14,m^3,,,,
Bacillariophyta,Coscinodiscus concinnus,1.03e-11,m^3,,,,
Bacillariophyta,Coscinodiscus concinnus,1.06e-11,m^3,,,,
Bacillariophyta,Coscinodiscus concinnus,1.09e-11,m^3,,,,
Bacillariophyta,Coscinodiscus concinnus,4.8e-12,m^3,,,,
Bacillariophyta,Coscinodiscus concinnus,3.56e-12,m^3,,,,
Bacillariophyta,Coscinodiscus concinnus,5.45e-12,m^3,,,,
Bacillariophyta,Coscinodiscus concinnus,5.39e-12,m^3,,,,
Streptophyta,Cosmarium abbreviatum,3.7e-15,m^3,,,,
Streptophyta,Cosmarium abbreviatum,3.7e-15,m^3,,,,
Streptophyta,Cosmarium abbreviatum,3.7e-15,m^3,,,,
Streptophyta,Cosmarium abbreviatum,3.7e-15,m^3,,,,
Streptophyta,Cosmarium abbreviatum,3.7e-15,m^3,,,,
Streptophyta,Cosmarium abbreviatum,3.7e-15,m^3,,,,
Streptophyta,Cosmarium biretum,2.2e-14,m^3,,,,
Streptophyta,Cosmarium biretum,2.2e-14,m^3,,,,
Streptophyta,Cosmarium biretum,2.2e-14,m^3,,,,
Streptophyta,Cosmarium biretum,2.2e-14,m^3,,,,
Streptophyta,Cosmarium biretum,2.2e-14,m^3,,,,
Streptophyta,Cosmarium biretum,2.2e-14,m^3,,,,
Cryptophyta,Cryptomonas marssonii,2.59e-15,m^3,,,,
Cryptophyta,Cryptomonas marssonii,2.59e-15,m^3,,,,
Cryptophyta,Cryptomonas marssonii,2.59e-15,m^3,,,,
Cryptophyta,Cryptomonas marssonii,2.59e-15,m^3,,,,
Cryptophyta,Cryptomonas marssonii,2.59e-15,m^3,,,,
Cryptophyta,Cryptomonas marssonii,2.59e-15,m^3,,,,
Cryptophyta,Cryptomonas marssonii,2.59e-15,m^3,,,,
Cryptophyta,Cryptomonas marssonii,2.59e-15,m^3,,,,
Cryptophyta,Cryptomonas marssonii,2.59e-15,m^3,,,,
Bacillariophyta,Cyclotella meneghiniana,1.82e-15,m^3,,,,
Bacillariophyta,Cyclotella meneghiniana,1.82e-15,m^3,,,,
Bacillariophyta,Cyclotella meneghiniana,1.82e-15,m^3,,,,
Bacillariophyta,Cyclotella meneghiniana,1.82e-15,m^3,,,,
Bacillariophyta,Cyclotella meneghiniana,1.82e-15,m^3,,,,
Bacillariophyta,Cyclotella meneghiniana,1.82e-15,m^3,,,,
Bacillariophyta,Cyclotella meneghiniana,1.82e-15,m^3,,,,
Bacillariophyta,Cyclotella meneghiniana,1.82e-15,m^3,,,,
Bacillariophyta,Cyclotella meneghiniana,1.82e-15,m^3,,,,
Bacillariophyta,Cyclotella meneghiniana,1.82e-15,m^3,,,,
Bacillariophyta,Cyclotella meneghiniana,1.82e-15,m^3,,,,
Bacillariophyta,Cyclotella meneghiniana,1.82e-15,m^3,,,,
Bacillariophyta,Dactyliosolen fragilissimus,1.2016600000000002e-13,m^3,,,,
Bacillariophyta,Dactyliosolen fragilissimus,1.2016600000000002e-13,m^3,,,,
Bacillariophyta,Dactyliosolen fragilissimus,1.2016600000000002e-13,m^3,,,,
Bacillariophyta,Dactyliosolen fragilissimus,1.2016600000000002e-13,m^3,,,,
Bacillariophyta,Dactyliosolen fragilissimus,1.2016600000000002e-13,m^3,,,,
Bacillariophyta,Dactyliosolen fragilissimus,1.2016600000000002e-13,m^3,,,,
Bacillariophyta,Dactyliosolen fragilissimus,1.2016600000000002e-13,m^3,,,,
Bacillariophyta,Dactyliosolen fragilissimus,1.2016600000000002e-13,m^3,,,,
Bacillariophyta,Dactyliosolen fragilissimus,1.2016600000000002e-13,m^3,,,,
Bacillariophyta,Dactyliosolen fragilissimus,1.2016600000000002e-13,m^3,,,,
Bacillariophyta,Dactyliosolen fragilissimus,1.2016600000000002e-13,m^3,,,,
Bacillariophyta,Dactyliosolen fragilissimus,1.2016600000000002e-13,m^3,,,,
Bacillariophyta,Dactyliosolen fragilissimus,1.2016600000000002e-13,m^3,,,,
Bacillariophyta,Dactyliosolen fragilissimus,1.2016600000000002e-13,m^3,,,,
Bacillariophyta,Dactyliosolen fragilissimus,1.2016600000000002e-13,m^3,,,,
Bacillariophyta,Dactyliosolen fragilissimus,1.2016600000000002e-13,m^3,,,,
Bacillariophyta,Dactyliosolen fragilissimus,1.2016600000000002e-13,m^3,,,,
Bacillariophyta,Dactyliosolen fragilissimus,1.2016600000000002e-13,m^3,,,,
Bacillariophyta,Dactyliosolen fragilissimus,1.2016600000000002e-13,m^3,,,,
Bacillariophyta,Dactyliosolen fragilissimus,1.2016600000000002e-13,m^3,,,,
Bacillariophyta,Dactyliosolen fragilissimus,1.2016600000000002e-13,m^3,,,,
Bacillariophyta,Dactyliosolen fragilissimus,1.2016600000000002e-13,m^3,,,,
Bacillariophyta,Dactyliosolen fragilissimus,1.2016600000000002e-13,m^3,,,,
Bacillariophyta,Dactyliosolen fragilissimus,1.2016600000000002e-13,m^3,,,,
Bacillariophyta,Dactyliosolen fragilissimus,1.2016600000000002e-13,m^3,,,,
Bacillariophyta,Dactyliosolen fragilissimus,1.2016600000000002e-13,m^3,,,,
Bacillariophyta,Dactyliosolen fragilissimus,1.2016600000000002e-13,m^3,,,,
Bacillariophyta,Dactyliosolen fragilissimus,1.2016600000000002e-13,m^3,,,,
Bacillariophyta,Dactyliosolen fragilissimus,1.2016600000000002e-13,m^3,,,,
Bacillariophyta,Dactyliosolen fragilissimus,1.2016600000000002e-13,m^3,,,,
Bacillariophyta,Dactyliosolen fragilissimus,1.2016600000000002e-13,m^3,,,,
Bacillariophyta,Dactyliosolen fragilissimus,1.2016600000000002e-13,m^3,,,,
Bacillariophyta,Dactyliosolen fragilissimus,1.2016600000000002e-13,m^3,,,,
Bacillariophyta,Dactyliosolen fragilissimus,1.2016600000000002e-13,m^3,,,,
Bacillariophyta,Dactyliosolen fragilissimus,1.2016600000000002e-13,m^3,,,,
Bacillariophyta,Dactyliosolen fragilissimus,1.2016600000000002e-13,m^3,,,,
Bacillariophyta,Dactyliosolen fragilissimus,1.2016600000000002e-13,m^3,,,,
Bacillariophyta,Dactyliosolen fragilissimus,1.2016600000000002e-13,m^3,,,,
Bacillariophyta,Dactyliosolen fragilissimus,1.2016600000000002e-13,m^3,,,,
Bacillariophyta,Dactyliosolen fragilissimus,1.2016600000000002e-13,m^3,,,,
Bacillariophyta,Dactyliosolen fragilissimus,1.2016600000000002e-13,m^3,,,,
Bacillariophyta,Dactyliosolen fragilissimus,1.2016600000000002e-13,m^3,,,,
Bacillariophyta,Dactyliosolen fragilissimus,1.2016600000000002e-13,m^3,,,,
Bacillariophyta,Dactyliosolen fragilissimus,1.2016600000000002e-13,m^3,,,,
Bacillariophyta,Dactyliosolen fragilissimus,1.2016600000000002e-13,m^3,,,,
Bacillariophyta,Dactyliosolen fragilissimus,1.2016600000000002e-13,m^3,,,,
Bacillariophyta,Dactyliosolen fragilissimus,1.2016600000000002e-13,m^3,,,,
Bacillariophyta,Dactyliosolen fragilissimus,1.2016600000000002e-13,m^3,,,,
Bacillariophyta,Dactyliosolen fragilissimus,1.2016600000000002e-13,m^3,,,,
Bacillariophyta,Dactyliosolen fragilissimus,1.2016600000000002e-13,m^3,,,,
Bacillariophyta,Dactyliosolen fragilissimus,1.2016600000000002e-13,m^3,,,,
Bacillariophyta,Dactyliosolen fragilissimus,1.2016600000000002e-13,m^3,,,,
Bacillariophyta,Dactyliosolen fragilissimus,1.2016600000000002e-13,m^3,,,,
Bacillariophyta,Dactyliosolen fragilissimus,1.2016600000000002e-13,m^3,,,,
Bacillariophyta,Dactyliosolen fragilissimus,1.2016600000000002e-13,m^3,,,,
Bacillariophyta,Dactyliosolen fragilissimus,1.2016600000000002e-13,m^3,,,,
Bacillariophyta,Dactyliosolen fragilissimus,1.2016600000000002e-13,m^3,,,,
Bacillariophyta,Dactyliosolen fragilissimus,1.2016600000000002e-13,m^3,,,,
Bacillariophyta,Dactyliosolen fragilissimus,1.2016600000000002e-13,m^3,,,,
Bacillariophyta,Dactyliosolen fragilissimus,1.2016600000000002e-13,m^3,,,,
Bacillariophyta,Dactyliosolen fragilissimus,1.2016600000000002e-13,m^3,,,,
Bacillariophyta,Dactyliosolen fragilissimus,1.2016600000000002e-13,m^3,,,,
Bacillariophyta,Dactyliosolen fragilissimus,1.2016600000000002e-13,m^3,,,,
Bacillariophyta,Dactyliosolen fragilissimus,1.2016600000000002e-13,m^3,,,,
Bacillariophyta,Dactyliosolen fragilissimus,1.2016600000000002e-13,m^3,,,,
Bacillariophyta,Dactyliosolen fragilissimus,1.2016600000000002e-13,m^3,,,,
Bacillariophyta,Dactyliosolen fragilissimus,1.2016600000000002e-13,m^3,,,,
Bacillariophyta,Dactyliosolen fragilissimus,1.2016600000000002e-13,m^3,,,,
Bacillariophyta,Dactyliosolen fragilissimus,1.2016600000000002e-13,m^3,,,,
Streptophyta,Desmidium swartzii,3.93e-14,m^3,,,,
Streptophyta,Desmidium swartzii,3.93e-14,m^3,,,,
Streptophyta,Desmidium swartzii,3.93e-14,m^3,,,,
Streptophyta,Desmidium swartzii,3.93e-14,m^3,,,,
Streptophyta,Desmidium swartzii,3.93e-14,m^3,,,,
Streptophyta,Desmidium swartzii,3.93e-14,m^3,,,,
Bacillariophyta,Detonula confervacea,2.9899999999999997e-15,m^3,,,,
Bacillariophyta,Detonula confervacea,2.9899999999999997e-15,m^3,,,,
Bacillariophyta,Detonula confervacea,2.9899999999999997e-15,m^3,,,,
Bacillariophyta,Detonula confervacea,2.9899999999999997e-15,m^3,,,,
Bacillariophyta,Detonula confervacea,2.9899999999999997e-15,m^3,,,,
Bacillariophyta,Detonula confervacea,2.9899999999999997e-15,m^3,,,,
Bacillariophyta,Detonula confervacea,2.9899999999999997e-15,m^3,,,,
Bacillariophyta,Detonula confervacea,2.9899999999999997e-15,m^3,,,,
Bacillariophyta,Detonula confervacea,2.9899999999999997e-15,m^3,,,,
Ochrophyta,Dinobryon divergens,2.34e-16,m^3,,,,
Ochrophyta,Dinobryon divergens,2.34e-16,m^3,,,,
Ochrophyta,Dinobryon divergens,2.34e-16,m^3,,,,
Ochrophyta,Dinobryon divergens,2.34e-16,m^3,,,,
Ochrophyta,Dinobryon divergens,2.34e-16,m^3,,,,
Ochrophyta,Dinobryon divergens,2.34e-16,m^3,,,,
Ochrophyta,Dinobryon divergens,2.34e-16,m^3,,,,
Ochrophyta,Dinobryon divergens,2.34e-16,m^3,,,,
Ochrophyta,Dinobryon divergens,2.34e-16,m^3,,,,
Bacillariophyta,Ditylum brightwellii,1.9e-14,m^3,,,,
Bacillariophyta,Ditylum brightwellii,1.01e-14,m^3,,,,
Bacillariophyta,Ditylum brightwellii,1.26e-14,m^3,,,,
Bacillariophyta,Ditylum brightwellii,2.75e-13,m^3,,,,
Bacillariophyta,Ditylum brightwellii,1.26e-14,m^3,,,,
Bacillariophyta,Ditylum brightwellii,2.82e-13,m^3,,,,
Bacillariophyta,Ditylum brightwellii,2.62e-14,m^3,,,,
Bacillariophyta,Ditylum brightwellii,2.32e-14,m^3,,,,
Bacillariophyta,Ditylum brightwellii,1.21e-14,m^3,,,,
Bacillariophyta,Ditylum brightwellii,1.21e-14,m^3,,,,
Bacillariophyta,Ditylum brightwellii,1.21e-14,m^3,,,,
Bacillariophyta,Ditylum brightwellii,1.21e-14,m^3,,,,
Haptophyta,Pontosphaera huxleyi,3.56e-17,m^3,,,,
Haptophyta,Pontosphaera huxleyi,3.56e-17,m^3,,,,
Haptophyta,Pontosphaera huxleyi,3.56e-17,m^3,,,,
Haptophyta,Pontosphaera huxleyi,3.56e-17,m^3,,,,
Haptophyta,Pontosphaera huxleyi,3.56e-17,m^3,,,,
Haptophyta,Pontosphaera huxleyi,3.56e-17,m^3,,,,
Haptophyta,Pontosphaera huxleyi,3.56e-17,m^3,,,,
Haptophyta,Pontosphaera huxleyi,3.56e-17,m^3,,,,
Haptophyta,Pontosphaera huxleyi,3.56e-17,m^3,,,,
Haptophyta,Pontosphaera huxleyi,3.56e-17,m^3,,,,
Haptophyta,Pontosphaera huxleyi,3.56e-17,m^3,,,,
Haptophyta,Pontosphaera huxleyi,3.56e-17,m^3,,,,
Haptophyta,Pontosphaera huxleyi,3.56e-17,m^3,,,,
Haptophyta,Pontosphaera huxleyi,3.56e-17,m^3,,,,
Haptophyta,Pontosphaera huxleyi,3.56e-17,m^3,,,,
Haptophyta,Pontosphaera huxleyi,3.56e-17,m^3,,,,
Haptophyta,Pontosphaera huxleyi,3.56e-17,m^3,,,,
Haptophyta,Pontosphaera huxleyi,3.56e-17,m^3,,,,
Haptophyta,Pontosphaera huxleyi,3.56e-17,m^3,,,,
Haptophyta,Pontosphaera huxleyi,3.56e-17,m^3,,,,
Haptophyta,Pontosphaera huxleyi,3.56e-17,m^3,,,,
Haptophyta,Pontosphaera huxleyi,3.56e-17,m^3,,,,
Haptophyta,Pontosphaera huxleyi,3.56e-17,m^3,,,,
Haptophyta,Pontosphaera huxleyi,3.56e-17,m^3,,,,
Haptophyta,Pontosphaera huxleyi,3.56e-17,m^3,,,,
Haptophyta,Pontosphaera huxleyi,3.56e-17,m^3,,,,
Haptophyta,Pontosphaera huxleyi,3.56e-17,m^3,,,,
Haptophyta,Pontosphaera huxleyi,3.56e-17,m^3,,,,
Haptophyta,Pontosphaera huxleyi,3.56e-17,m^3,,,,
Haptophyta,Pontosphaera huxleyi,3.56e-17,m^3,,,,
Haptophyta,Pontosphaera huxleyi,3.56e-17,m^3,,,,
Haptophyta,Pontosphaera huxleyi,3.56e-17,m^3,,,,
Haptophyta,Pontosphaera huxleyi,3.56e-17,m^3,,,,
Haptophyta,Pontosphaera huxleyi,3.56e-17,m^3,,,,
Haptophyta,Pontosphaera huxleyi,3.56e-17,m^3,,,,
Haptophyta,Pontosphaera huxleyi,3.56e-17,m^3,,,,
Haptophyta,Pontosphaera huxleyi,3.56e-17,m^3,,,,
Haptophyta,Pontosphaera huxleyi,3.56e-17,m^3,,,,
Haptophyta,Pontosphaera huxleyi,3.56e-17,m^3,,,,
Haptophyta,Pontosphaera huxleyi,3.56e-17,m^3,,,,
Bacillariophyta,Eucampia zodiacus,2e-14,m^3,,,,
Bacillariophyta,Eucampia zodiacus,2e-14,m^3,,,,
Bacillariophyta,Eucampia zodiacus,2e-14,m^3,,,,
Bacillariophyta,Eucampia zodiacus,2e-14,m^3,,,,
Bacillariophyta,Eucampia zodiacus,2e-14,m^3,,,,
Bacillariophyta,Eucampia zodiacus,2e-14,m^3,,,,
Ochrophyta,Fibrocapsa japonica,7.720000000000002e-15,m^3,,,,
Ochrophyta,Fibrocapsa japonica,5.74e-15,m^3,,,,
Ochrophyta,Fibrocapsa japonica,4.41e-15,m^3,,,,
Ochrophyta,Fibrocapsa japonica,3.8e-15,m^3,,,,
Ochrophyta,Fibrocapsa japonica,2.68e-15,m^3,,,,
Ochrophyta,Fibrocapsa japonica,2.68e-15,m^3,,,,
Ochrophyta,Fibrocapsa japonica,2.8300000000000002e-15,m^3,,,,
Ochrophyta,Fibrocapsa japonica,3.1899999999999998e-15,m^3,,,,
Ochrophyta,Fibrocapsa japonica,5.17e-15,m^3,,,,
Ochrophyta,Fibrocapsa japonica,4.020000000000001e-15,m^3,,,,
Ochrophyta,Fibrocapsa japonica,3.1899999999999998e-15,m^3,,,,
Ochrophyta,Fibrocapsa japonica,3.01e-15,m^3,,,,
Ochrophyta,Fibrocapsa japonica,2.8600000000000003e-15,m^3,,,,
Ochrophyta,Fibrocapsa japonica,3.0399999999999997e-15,m^3,,,,
Ochrophyta,Fibrocapsa japonica,6.1799999999999994e-15,m^3,,,,
Ochrophyta,Fibrocapsa japonica,5.24e-15,m^3,,,,
Ochrophyta,Fibrocapsa japonica,4.379999999999999e-15,m^3,,,,
Ochrophyta,Fibrocapsa japonica,3.3e-15,m^3,,,,
Ochrophyta,Fibrocapsa japonica,3.0399999999999997e-15,m^3,,,,
Ochrophyta,Fibrocapsa japonica,3.4e-15,m^3,,,,
Bacillariophyta,Fragilariopsis cylindrus,2.36e-17,m^3,,,,
Bacillariophyta,Fragilariopsis cylindrus,2.36e-17,m^3,,,,
Bacillariophyta,Fragilariopsis cylindrus,2.36e-17,m^3,,,,
Bacillariophyta,Fragilariopsis cylindrus,2.36e-17,m^3,,,,
Bacillariophyta,Fragilariopsis cylindrus,2.36e-17,m^3,,,,
Bacillariophyta,Fragilariopsis cylindrus,2.36e-17,m^3,,,,
Bacillariophyta,Fragilariopsis cylindrus,2.36e-17,m^3,,,,
Bacillariophyta,Fragilariopsis cylindrus,2.36e-17,m^3,,,,
Bacillariophyta,Fragilariopsis cylindrus,2.36e-17,m^3,,,,
Bacillariophyta,Fragilariopsis cylindrus,2.36e-17,m^3,,,,
Bacillariophyta,Fragilariopsis kerguelensis,8.25e-16,m^3,,,,
Bacillariophyta,Fragilariopsis kerguelensis,8.25e-16,m^3,,,,
Bacillariophyta,Fragilariopsis kerguelensis,8.25e-16,m^3,,,,
Bacillariophyta,Fragilariopsis kerguelensis,8.25e-16,m^3,,,,
Bacillariophyta,Fragilariopsis kerguelensis,8.25e-16,m^3,,,,
Bacillariophyta,Fragilariopsis kerguelensis,8.25e-16,m^3,,,,
Bacillariophyta,Fragilariopsis kerguelensis,8.25e-16,m^3,,,,
Bacillariophyta,Fragilariopsis kerguelensis,8.25e-16,m^3,,,,
,Gambierdiscus toxicus,8.41e-14,m^3,,,,
,Gambierdiscus toxicus,8.41e-14,m^3,,,,
,Gambierdiscus toxicus,8.41e-14,m^3,,,,
,Gambierdiscus toxicus,8.41e-14,m^3,,,,
,Gambierdiscus toxicus,8.41e-14,m^3,,,,
,Gambierdiscus toxicus,8.41e-14,m^3,,,,
,Gambierdiscus toxicus,8.41e-14,m^3,,,,
Haptophyta,Gephyrocapsa oceanica,4.8e-17,m^3,,,,
Haptophyta,Gephyrocapsa oceanica,4.8e-17,m^3,,,,
Haptophyta,Gephyrocapsa oceanica,4.8e-17,m^3,,,,
Haptophyta,Gephyrocapsa oceanica,4.8e-17,m^3,,,,
Haptophyta,Gephyrocapsa oceanica,4.8e-17,m^3,,,,
Haptophyta,Gephyrocapsa oceanica,4.8e-17,m^3,,,,
Haptophyta,Gephyrocapsa oceanica,4.8e-17,m^3,,,,
,Alexandrium tamarense,8.84e-15,m^3,,,,
,Alexandrium tamarense,8.84e-15,m^3,,,,
,Alexandrium tamarense,8.84e-15,m^3,,,,
,Alexandrium tamarense,8.84e-15,m^3,,,,
,Alexandrium tamarense,8.84e-15,m^3,,,,
,Alexandrium tamarense,8.84e-15,m^3,,,,
,Alexandrium tamarense,8.84e-15,m^3,,,,
,Alexandrium tamarense,8.84e-15,m^3,,,,
,Gymnodinium catenatum,5.04e-14,m^3,,,,
,Gymnodinium catenatum,5.04e-14,m^3,,,,
,Gymnodinium catenatum,5.04e-14,m^3,,,,
,Gymnodinium catenatum,5.04e-14,m^3,,,,
,Gymnodinium catenatum,5.04e-14,m^3,,,,
,Gymnodinium catenatum,5.04e-14,m^3,,,,
,Gymnodinium catenatum,5.04e-14,m^3,,,,
,Gymnodinium catenatum,5.04e-14,m^3,,,,
,Gymnodinium catenatum,5.04e-14,m^3,,,,
,Gymnodinium catenatum,5.04e-14,m^3,,,,
,Gymnodinium catenatum,5.04e-14,m^3,,,,
,Gymnodinium catenatum,5.04e-14,m^3,,,,
,Gymnodinium catenatum,5.04e-14,m^3,,,,
,Gymnodinium catenatum,4.01e-14,m^3,,,,
,Gymnodinium catenatum,4.01e-14,m^3,,,,
,Gymnodinium catenatum,4.01e-14,m^3,,,,
,Gymnodinium catenatum,4.01e-14,m^3,,,,
,Gymnodinium catenatum,4.01e-14,m^3,,,,
,Gymnodinium catenatum,4.01e-14,m^3,,,,
,Gymnodinium catenatum,4.01e-14,m^3,,,,
,Gymnodinium catenatum,4.01e-14,m^3,,,,
,Gymnodinium catenatum,4.01e-14,m^3,,,,
,Gymnodinium catenatum,4.01e-14,m^3,,,,
,Gymnodinium catenatum,4.01e-14,m^3,,,,
,Gymnodinium corollarium,5.24e-15,m^3,,,,
,Gymnodinium corollarium,5.24e-15,m^3,,,,
,Gymnodinium corollarium,5.24e-15,m^3,,,,
,Gymnodinium corollarium,5.24e-15,m^3,,,,
,Gymnodinium corollarium,5.24e-15,m^3,,,,
,Gymnodinium corollarium,5.24e-15,m^3,,,,
Chlorophyta,Haematococcus droebakensis,9.140000000000001e-15,m^3,,,,
Chlorophyta,Haematococcus droebakensis,9.140000000000001e-15,m^3,,,,
Chlorophyta,Haematococcus droebakensis,9.140000000000001e-15,m^3,,,,
Chlorophyta,Haematococcus droebakensis,9.140000000000001e-15,m^3,,,,
Chlorophyta,Haematococcus droebakensis,9.140000000000001e-15,m^3,,,,
Chlorophyta,Haematococcus droebakensis,9.140000000000001e-15,m^3,,,,
Haptophyta,Isochrysis galbana,5.9e-17,m^3,,,,
Haptophyta,Isochrysis galbana,5.9e-17,m^3,,,,
Haptophyta,Isochrysis galbana,5.9e-17,m^3,,,,
Haptophyta,Isochrysis galbana,5.9e-17,m^3,,,,
Haptophyta,Isochrysis galbana,5.9e-17,m^3,,,,
Haptophyta,Isochrysis galbana,5.9e-17,m^3,,,,
Haptophyta,Isochrysis galbana,5.9e-17,m^3,,,,
Haptophyta,Isochrysis galbana,5.9e-17,m^3,,,,
Haptophyta,Isochrysis galbana,5.9e-17,m^3,,,,
Haptophyta,Isochrysis galbana,5.9e-17,m^3,,,,
Haptophyta,Isochrysis galbana,5.9e-17,m^3,,,,
Haptophyta,Isochrysis galbana,5.9e-17,m^3,,,,
Haptophyta,Isochrysis galbana,5.9e-17,m^3,,,,
Haptophyta,Isochrysis galbana,5.9e-17,m^3,,,,
Haptophyta,Isochrysis galbana,5.9e-17,m^3,,,,
Haptophyta,Isochrysis galbana,5.9e-17,m^3,,,,
Haptophyta,Isochrysis galbana,5.9e-17,m^3,,,,
Haptophyta,Isochrysis galbana,5.9e-17,m^3,,,,
Haptophyta,Isochrysis galbana,5.9e-17,m^3,,,,
,Gymnodinium breve,6.03e-16,m^3,,,,
,Gymnodinium breve,6.03e-16,m^3,,,,
,Gymnodinium breve,6.03e-16,m^3,,,,
,Gymnodinium breve,6.03e-16,m^3,,,,
,Gymnodinium breve,6.03e-16,m^3,,,,
,Gymnodinium breve,6.03e-16,m^3,,,,
,Gymnodinium breve,6.03e-16,m^3,,,,
,Gymnodinium breve,6.03e-16,m^3,,,,
,Gymnodinium breve,6.03e-16,m^3,,,,
,Gymnodinium breve,6.03e-16,m^3,,,,
,Gymnodinium breve,6.03e-16,m^3,,,,
,Gymnodinium breve,6.03e-16,m^3,,,,
,Gymnodinium breve,6.03e-16,m^3,,,,
,Gymnodinium breve,6.03e-16,m^3,,,,
,Leonella granifera,5.24e-16,m^3,,,,
,Leonella granifera,5.24e-16,m^3,,,,
,Leonella granifera,5.24e-16,m^3,,,,
,Leonella granifera,5.24e-16,m^3,,,,
,Leonella granifera,5.24e-16,m^3,,,,
,Leonella granifera,5.24e-16,m^3,,,,
,Leonella granifera,5.24e-16,m^3,,,,
,Leonella granifera,5.24e-16,m^3,,,,
,Leonella granifera,5.24e-16,m^3,,,,
,Leonella granifera,5.24e-16,m^3,,,,
,Leonella granifera,5.24e-16,m^3,,,,
,Leonella granifera,5.24e-16,m^3,,,,
,Leonella granifera,5.24e-16,m^3,,,,
,Leonella granifera,5.24e-16,m^3,,,,
,Leonella granifera,5.24e-16,m^3,,,,
,Leonella granifera,5.24e-16,m^3,,,,
,Leonella granifera,5.24e-16,m^3,,,,
,Leonella granifera,5.24e-16,m^3,,,,
,Leonella granifera,5.24e-16,m^3,,,,
,Leonella granifera,5.24e-16,m^3,,,,
Streptophyta,Mesotaenium kramstae,4.45e-15,m^3,,,,
Streptophyta,Mesotaenium kramstae,4.45e-15,m^3,,,,
Streptophyta,Mesotaenium kramstae,4.45e-15,m^3,,,,
Streptophyta,Mesotaenium kramstae,4.45e-15,m^3,,,,
Streptophyta,Mesotaenium kramstae,4.45e-15,m^3,,,,
Streptophyta,Mesotaenium kramstae,4.45e-15,m^3,,,,
Streptophyta,Mesotaenium kramstae,4.45e-15,m^3,,,,
Streptophyta,Micrasterias americana,1.58e-12,m^3,,,,
Streptophyta,Micrasterias americana,1.58e-12,m^3,,,,
Streptophyta,Micrasterias americana,1.58e-12,m^3,,,,
Streptophyta,Micrasterias americana,1.58e-12,m^3,,,,
Streptophyta,Micrasterias americana,1.58e-12,m^3,,,,
Streptophyta,Micrasterias americana,1.58e-12,m^3,,,,
Ochrophyta,Nannochloropsis oceanica,1.5e-17,m^3,,,,
Ochrophyta,Nannochloropsis oceanica,1.5e-17,m^3,,,,
Ochrophyta,Nannochloropsis oceanica,1.5e-17,m^3,,,,
Ochrophyta,Nannochloropsis oceanica,1.5e-17,m^3,,,,
Ochrophyta,Nannochloropsis oceanica,1.5e-17,m^3,,,,
Ochrophyta,Nannochloropsis oceanica,1.5e-17,m^3,,,,
Ochrophyta,Nannochloropsis oceanica,1.5e-17,m^3,,,,
Bacillariophyta,Navicula arenaria,4.16e-15,m^3,,,,
Bacillariophyta,Navicula arenaria,4.16e-15,m^3,,,,
Bacillariophyta,Navicula arenaria,4.16e-15,m^3,,,,
Bacillariophyta,Navicula arenaria,4.16e-15,m^3,,,,
Bacillariophyta,Navicula arenaria,4.16e-15,m^3,,,,
Bacillariophyta,Navicula arenaria,4.16e-15,m^3,,,,
Bacillariophyta,Nitzschia dissipata,2.43e-16,m^3,,,,
Bacillariophyta,Nitzschia dissipata,2.43e-16,m^3,,,,
Bacillariophyta,Nitzschia dissipata,2.43e-16,m^3,,,,
Bacillariophyta,Nitzschia dissipata,2.43e-16,m^3,,,,
Bacillariophyta,Nitzschia dissipata,2.43e-16,m^3,,,,
Bacillariophyta,Nitzschia dissipata,2.43e-16,m^3,,,,
Bacillariophyta,Nitzschia seriata,8.279999999999999e-16,m^3,,,,
Bacillariophyta,Nitzschia seriata,4.75e-16,m^3,,,,
Bacillariophyta,Nitzschia seriata,5.24e-16,m^3,,,,
Bacillariophyta,Nitzschia seriata,4.36e-16,m^3,,,,
Bacillariophyta,Nitzschia seriata,6.2199999999999995e-16,m^3,,,,
Bacillariophyta,Nitzschia seriata,7.200000000000001e-16,m^3,,,,
Bacillariophyta,Nitzschia seriata,7.11e-16,m^3,,,,
Bacillariophyta,Nitzschia sigma,3.3e-15,m^3,,,,
Bacillariophyta,Nitzschia sigma,3.3e-15,m^3,,,,
Bacillariophyta,Nitzschia sigma,3.3e-15,m^3,,,,
Bacillariophyta,Nitzschia sigma,3.3e-15,m^3,,,,
Bacillariophyta,Nitzschia sigma,3.3e-15,m^3,,,,
Bacillariophyta,Nitzschia sigma,3.3e-15,m^3,,,,
Bacillariophyta,Odontella mobilensis,2.77e-14,m^3,,,,
Bacillariophyta,Odontella mobilensis,2.77e-14,m^3,,,,
Bacillariophyta,Odontella mobilensis,2.77e-14,m^3,,,,
Bacillariophyta,Odontella mobilensis,2.77e-14,m^3,,,,
Bacillariophyta,Odontella mobilensis,2.77e-14,m^3,,,,
Bacillariophyta,Odontella mobilensis,2.77e-14,m^3,,,,
Ochrophyta,Olisthodiscus luteus,1.15e-15,m^3,,,,
Ochrophyta,Olisthodiscus luteus,1.15e-15,m^3,,,,
Ochrophyta,Olisthodiscus luteus,1.15e-15,m^3,,,,
Ochrophyta,Olisthodiscus luteus,1.15e-15,m^3,,,,
Ochrophyta,Olisthodiscus luteus,1.15e-15,m^3,,,,
Ochrophyta,Olisthodiscus luteus,1.15e-15,m^3,,,,
Ochrophyta,Olisthodiscus luteus,1.15e-15,m^3,,,,
Ochrophyta,Olisthodiscus luteus,1.15e-15,m^3,,,,
Ochrophyta,Olisthodiscus luteus,1.15e-15,m^3,,,,
Ochrophyta,Olisthodiscus luteus,1.15e-15,m^3,,,,
Ochrophyta,Olisthodiscus luteus,1.15e-15,m^3,,,,
Ochrophyta,Olisthodiscus luteus,1.15e-15,m^3,,,,
Ochrophyta,Olisthodiscus luteus,1.15e-15,m^3,,,,
Ochrophyta,Olisthodiscus luteus,1.15e-15,m^3,,,,
Ochrophyta,Olisthodiscus luteus,1.15e-15,m^3,,,,
Ochrophyta,Olisthodiscus luteus,1.15e-15,m^3,,,,
Ochrophyta,Olisthodiscus luteus,1.15e-15,m^3,,,,
Ochrophyta,Olisthodiscus luteus,1.15e-15,m^3,,,,
,Ostreopsis heptagona,2e-13,m^3,,,,
,Ostreopsis heptagona,2e-13,m^3,,,,
,Ostreopsis heptagona,2e-13,m^3,,,,
,Ostreopsis heptagona,2e-13,m^3,,,,
,Ostreopsis heptagona,2e-13,m^3,,,,
,Ostreopsis heptagona,2e-13,m^3,,,,
,Ostreopsis siamensis,6.47e-14,m^3,,,,
,Ostreopsis siamensis,6.47e-14,m^3,,,,
,Ostreopsis siamensis,6.47e-14,m^3,,,,
,Ostreopsis siamensis,6.47e-14,m^3,,,,
,Ostreopsis siamensis,6.47e-14,m^3,,,,
,Ostreopsis siamensis,6.47e-14,m^3,,,,
,Ostreopsis siamensis,6.47e-14,m^3,,,,
Bacillariophyta,Phaeodactylum tricornutum,5.46e-18,m^3,,,,
Bacillariophyta,Phaeodactylum tricornutum,5.46e-18,m^3,,,,
Bacillariophyta,Phaeodactylum tricornutum,6.39e-18,m^3,,,,
Bacillariophyta,Phaeodactylum tricornutum,6.39e-18,m^3,,,,
Bacillariophyta,Phaeodactylum tricornutum,8.800000000000001e-18,m^3,,,,
Bacillariophyta,Phaeodactylum tricornutum,8.800000000000001e-18,m^3,,,,
Bacillariophyta,Phaeodactylum tricornutum,9.28e-18,m^3,,,,
Bacillariophyta,Phaeodactylum tricornutum,9.28e-18,m^3,,,,
Bacillariophyta,Phaeodactylum tricornutum,1.27e-17,m^3,,,,
Bacillariophyta,Phaeodactylum tricornutum,1.27e-17,m^3,,,,
Bacillariophyta,Phaeodactylum tricornutum,1.27e-17,m^3,,,,
Bacillariophyta,Phaeodactylum tricornutum,1.27e-17,m^3,,,,
Bacillariophyta,Phaeodactylum tricornutum,1.1599999999999999e-16,m^3,,,,
Bacillariophyta,Phaeodactylum tricornutum,1.52e-16,m^3,,,,
Bacillariophyta,Phaeodactylum tricornutum,1.1899999999999999e-16,m^3,,,,
Bacillariophyta,Phaeodactylum tricornutum,1.11e-16,m^3,,,,
Bacillariophyta,Phaeodactylum tricornutum,1.28e-16,m^3,,,,
Bacillariophyta,Phaeodactylum tricornutum,1.1299999999999999e-16,m^3,,,,
Bacillariophyta,Phaeodactylum tricornutum,1.1299999999999999e-16,m^3,,,,
Bacillariophyta,Phaeodactylum tricornutum,1.1299999999999999e-16,m^3,,,,
Bacillariophyta,Phaeodactylum tricornutum,1.1299999999999999e-16,m^3,,,,
Bacillariophyta,Phaeodactylum tricornutum,1.1299999999999999e-16,m^3,,,,
Bacillariophyta,Phaeodactylum tricornutum,1.1299999999999999e-16,m^3,,,,
,Prorocentrum concavum,6.87e-14,m^3,,,,
,Prorocentrum concavum,6.87e-14,m^3,,,,
,Prorocentrum concavum,6.87e-14,m^3,,,,
,Prorocentrum concavum,6.87e-14,m^3,,,,
,Prorocentrum concavum,6.87e-14,m^3,,,,
,Prorocentrum concavum,6.87e-14,m^3,,,,
,Prorocentrum gracile,2.36e-15,m^3,,,,
,Prorocentrum gracile,2.36e-15,m^3,,,,
,Prorocentrum gracile,2.36e-15,m^3,,,,
,Prorocentrum gracile,2.36e-15,m^3,,,,
,Prorocentrum gracile,2.36e-15,m^3,,,,
,Prorocentrum gracile,2.36e-15,m^3,,,,
,Prorocentrum gracile,2.36e-15,m^3,,,,
,Prorocentrum gracile,2.36e-15,m^3,,,,
,Prorocentrum lima,2.36e-14,m^3,,,,
,Prorocentrum lima,2.36e-14,m^3,,,,
,Prorocentrum lima,2.36e-14,m^3,,,,
,Prorocentrum lima,2.36e-14,m^3,,,,
,Prorocentrum lima,2.36e-14,m^3,,,,
,Prorocentrum lima,2.36e-14,m^3,,,,
,Prorocentrum lima,2.36e-14,m^3,,,,
,Prorocentrum mexicanum,7.137e-15,m^3,,,,
,Prorocentrum mexicanum,7.137e-15,m^3,,,,
,Prorocentrum mexicanum,7.137e-15,m^3,,,,
,Prorocentrum mexicanum,7.137e-15,m^3,,,,
,Prorocentrum mexicanum,7.137e-15,m^3,,,,
,Prorocentrum mexicanum,7.137e-15,m^3,,,,
,Prorocentrum micans,1.63e-14,m^3,,,,
,Prorocentrum micans,1.63e-14,m^3,,,,
,Prorocentrum micans,1.63e-14,m^3,,,,
,Prorocentrum micans,1.63e-14,m^3,,,,
,Prorocentrum micans,1.63e-14,m^3,,,,
,Prorocentrum micans,1.63e-14,m^3,,,,
,Prorocentrum micans,1.63e-14,m^3,,,,
,Prorocentrum micans,1.63e-14,m^3,,,,
,Prorocentrum micans,1.63e-14,m^3,,,,
,Prorocentrum micans,1.63e-14,m^3,,,,
,Prorocentrum micans,1.63e-14,m^3,,,,
,Prorocentrum micans,1.63e-14,m^3,,,,
,Prorocentrum micans,1.63e-14,m^3,,,,
,Prorocentrum micans,1.63e-14,m^3,,,,
,Prorocentrum micans,1.63e-14,m^3,,,,
,Prorocentrum micans,1.63e-14,m^3,,,,
,Prorocentrum micans,1.63e-14,m^3,,,,
,Prorocentrum micans,1.63e-14,m^3,,,,
,Prorocentrum minimum,2.07e-15,m^3,,,,
,Prorocentrum minimum,2.07e-15,m^3,,,,
,Prorocentrum minimum,2.07e-15,m^3,,,,
,Prorocentrum minimum,2.07e-15,m^3,,,,
,Prorocentrum minimum,2.07e-15,m^3,,,,
,Prorocentrum minimum,2.07e-15,m^3,,,,
,Prorocentrum minimum,2.07e-15,m^3,,,,
,Prorocentrum minimum,2.07e-15,m^3,,,,
,Prorocentrum minimum,2.07e-15,m^3,,,,
,Prorocentrum minimum,2.07e-15,m^3,,,,
,Prorocentrum minimum,2.07e-15,m^3,,,,
,Prorocentrum minimum,2.07e-15,m^3,,,,
,Prorocentrum minimum,2.07e-15,m^3,,,,
,Prorocentrum minimum,2.07e-15,m^3,,,,
,Prorocentrum minimum,2.07e-15,m^3,,,,
,Prorocentrum minimum,2.07e-15,m^3,,,,
,Prorocentrum minimum,2.07e-15,m^3,,,,
,Prorocentrum minimum,2.07e-15,m^3,,,,
,Prorocentrum minimum,2.07e-15,m^3,,,,
,Prorocentrum minimum,2.07e-15,m^3,,,,
,Prorocentrum minimum,2.07e-15,m^3,,,,
,Prorocentrum minimum,2.07e-15,m^3,,,,
,Prorocentrum minimum,2.07e-15,m^3,,,,
,Prorocentrum minimum,2.07e-15,m^3,,,,
,Prorocentrum minimum,2.07e-15,m^3,,,,
,Prorocentrum minimum,2.07e-15,m^3,,,,
,Prorocentrum minimum,2.07e-15,m^3,,,,
,Prorocentrum minimum,2.07e-15,m^3,,,,
,Prorocentrum minimum,2.07e-15,m^3,,,,
,Prorocentrum minimum,2.07e-15,m^3,,,,
,Prorocentrum minimum,2.07e-15,m^3,,,,
,Prorocentrum minimum,2.07e-15,m^3,,,,
,Prorocentrum minimum,2.07e-15,m^3,,,,
,Prorocentrum minimum,2.07e-15,m^3,,,,
,Prorocentrum minimum,2.07e-15,m^3,,,,
,Prorocentrum minimum,2.07e-15,m^3,,,,
,Prorocentrum minimum,2.07e-15,m^3,,,,
,Prorocentrum minimum,2.07e-15,m^3,,,,
,Prorocentrum minimum,2.07e-15,m^3,,,,
,Prorocentrum minimum,2.07e-15,m^3,,,,
,Prorocentrum minimum,2.07e-15,m^3,,,,
,Prorocentrum minimum,2.07e-15,m^3,,,,
,Prorocentrum minimum,2.07e-15,m^3,,,,
,Prorocentrum minimum,2.07e-15,m^3,,,,
,Prorocentrum minimum,2.07e-15,m^3,,,,
,Prorocentrum minimum,2.07e-15,m^3,,,,
,Prorocentrum minimum,2.07e-15,m^3,,,,
,Prorocentrum minimum,2.07e-15,m^3,,,,
,Prorocentrum minimum,2.07e-15,m^3,,,,
,Prorocentrum minimum,2.07e-15,m^3,,,,
,Prorocentrum minimum,2.07e-15,m^3,,,,
,Prorocentrum minimum,2.07e-15,m^3,,,,
,Prorocentrum minimum,2.07e-15,m^3,,,,
,Prorocentrum minimum,2.07e-15,m^3,,,,
,Prorocentrum minimum,2.07e-15,m^3,,,,
,Prorocentrum minimum,2.07e-15,m^3,,,,
,Prorocentrum minimum,2.07e-15,m^3,,,,
,Prorocentrum minimum,2.07e-15,m^3,,,,
,Prorocentrum minimum,2.07e-15,m^3,,,,
,Prorocentrum minimum,2.07e-15,m^3,,,,
,Prorocentrum minimum,2.07e-15,m^3,,,,
,Prorocentrum minimum,2.07e-15,m^3,,,,
,Prorocentrum minimum,2.07e-15,m^3,,,,
,Prorocentrum minimum,2.07e-15,m^3,,,,
,Prorocentrum minimum,2.07e-15,m^3,,,,
,Prorocentrum minimum,2.07e-15,m^3,,,,
,Prorocentrum minimum,2.07e-15,m^3,,,,
,Prorocentrum minimum,2.07e-15,m^3,,,,
,Prorocentrum minimum,2.07e-15,m^3,,,,
,Prorocentrum minimum,2.07e-15,m^3,,,,
,Prorocentrum minimum,2.07e-15,m^3,,,,
,Prorocentrum minimum,2.07e-15,m^3,,,,
Bacillariophyta,Nitzschia granii,4.25e-16,m^3,,,,
Bacillariophyta,Nitzschia granii,4.25e-16,m^3,,,,
Bacillariophyta,Nitzschia granii,4.25e-16,m^3,,,,
Bacillariophyta,Nitzschia granii,4.25e-16,m^3,,,,
Bacillariophyta,Nitzschia granii,4.25e-16,m^3,,,,
Bacillariophyta,Nitzschia granii,4.25e-16,m^3,,,,
Bacillariophyta,Nitzschia granii,4.25e-16,m^3,,,,
Bacillariophyta,Nitzschia granii,4.25e-16,m^3,,,,
Bacillariophyta,Nitzschia granii,4.25e-16,m^3,,,,
Bacillariophyta,Nitzschia granii,4.25e-16,m^3,,,,
Bacillariophyta,Pseudo-nitzschia turgiduloides,2.82e-16,m^3,,,,
Bacillariophyta,Pseudo-nitzschia turgiduloides,2.82e-16,m^3,,,,
Bacillariophyta,Pseudo-nitzschia turgiduloides,2.82e-16,m^3,,,,
Bacillariophyta,Pseudo-nitzschia turgiduloides,2.82e-16,m^3,,,,
Bacillariophyta,Pseudo-nitzschia turgiduloides,2.82e-16,m^3,,,,
Bacillariophyta,Pseudo-nitzschia turgiduloides,2.82e-16,m^3,,,,
Bacillariophyta,Pseudo-nitzschia turgiduloides,2.82e-16,m^3,,,,
Bacillariophyta,Pseudo-nitzschia turgiduloides,2.82e-16,m^3,,,,
Bacillariophyta,Pseudo-nitzschia turgiduloides,2.82e-16,m^3,,,,
Bacillariophyta,Pseudo-nitzschia turgiduloides,2.82e-16,m^3,,,,
Bacillariophyta,Pseudo-nitzschia pseudodelicatissima,2.98e-16,m^3,,,,
Bacillariophyta,Pseudo-nitzschia pseudodelicatissima,2.98e-16,m^3,,,,
Bacillariophyta,Pseudo-nitzschia pseudodelicatissima,2.98e-16,m^3,,,,
Bacillariophyta,Pseudo-nitzschia pseudodelicatissima,2.98e-16,m^3,,,,
Bacillariophyta,Pseudo-nitzschia pseudodelicatissima,2.98e-16,m^3,,,,
Bacillariophyta,Pseudo-nitzschia pseudodelicatissima,2.98e-16,m^3,,,,
Bacillariophyta,Pseudo-nitzschia seriata,1.1099999999999999e-15,m^3,,,,
Bacillariophyta,Pseudo-nitzschia seriata,1.1099999999999999e-15,m^3,,,,
Bacillariophyta,Pseudo-nitzschia seriata,1.1099999999999999e-15,m^3,,,,
Bacillariophyta,Pseudo-nitzschia seriata,1.1099999999999999e-15,m^3,,,,
Bacillariophyta,Pseudo-nitzschia seriata,1.1099999999999999e-15,m^3,,,,
Bacillariophyta,Pseudo-nitzschia seriata,1.1099999999999999e-15,m^3,,,,
Bacillariophyta,Pseudo-nitzschia seriata,1.1099999999999999e-15,m^3,,,,
,Pyrodinium bahamense,2.17e-14,m^3,,,,
,Pyrodinium bahamense,2.17e-14,m^3,,,,
,Pyrodinium bahamense,2.17e-14,m^3,,,,
,Pyrodinium bahamense,2.17e-14,m^3,,,,
,Pyrodinium bahamense,2.17e-14,m^3,,,,
,Pyrodinium bahamense,2.17e-14,m^3,,,,
,Pyrodinium bahamense,2.17e-14,m^3,,,,
,Pyrodinium bahamense,2.17e-14,m^3,,,,
,Pyrodinium bahamense,2.17e-14,m^3,,,,
,Pyrodinium bahamense,2.17e-14,m^3,,,,
,Pyrodinium bahamense,2.17e-14,m^3,,,,
,Pyrodinium bahamense,2.17e-14,m^3,,,,
,Pyrodinium bahamense,2.17e-14,m^3,,,,
Bacillariophyta,Dactyliosolen fragilissimus,1.31e-14,m^3,,,,
Bacillariophyta,Dactyliosolen fragilissimus,1.31e-14,m^3,,,,
Bacillariophyta,Dactyliosolen fragilissimus,1.31e-14,m^3,,,,
Bacillariophyta,Dactyliosolen fragilissimus,1.31e-14,m^3,,,,
Bacillariophyta,Dactyliosolen fragilissimus,1.31e-14,m^3,,,,
Bacillariophyta,Dactyliosolen fragilissimus,1.31e-14,m^3,,,,
Bacillariophyta,Dactyliosolen fragilissimus,1.31e-14,m^3,,,,
Bacillariophyta,Dactyliosolen fragilissimus,1.31e-14,m^3,,,,
Bacillariophyta,Dactyliosolen fragilissimus,1.31e-14,m^3,,,,
Bacillariophyta,Dactyliosolen fragilissimus,1.31e-14,m^3,,,,
Bacillariophyta,Dactyliosolen fragilissimus,1.31e-14,m^3,,,,
Bacillariophyta,Dactyliosolen fragilissimus,1.31e-14,m^3,,,,
Bacillariophyta,Dactyliosolen fragilissimus,1.31e-14,m^3,,,,
Bacillariophyta,Dactyliosolen fragilissimus,1.31e-14,m^3,,,,
Bacillariophyta,Dactyliosolen fragilissimus,1.31e-14,m^3,,,,
Bacillariophyta,Dactyliosolen fragilissimus,1.31e-14,m^3,,,,
Bacillariophyta,Dactyliosolen fragilissimus,1.31e-14,m^3,,,,
Bacillariophyta,Dactyliosolen fragilissimus,1.31e-14,m^3,,,,
Bacillariophyta,Dactyliosolen fragilissimus,1.31e-14,m^3,,,,
Bacillariophyta,Dactyliosolen fragilissimus,1.31e-14,m^3,,,,
Bacillariophyta,Dactyliosolen fragilissimus,1.31e-14,m^3,,,,
Bacillariophyta,Dactyliosolen fragilissimus,1.31e-14,m^3,,,,
Bacillariophyta,Dactyliosolen fragilissimus,1.31e-14,m^3,,,,
Bacillariophyta,Dactyliosolen fragilissimus,1.31e-14,m^3,,,,
Bacillariophyta,Dactyliosolen fragilissimus,1.31e-14,m^3,,,,
Bacillariophyta,Dactyliosolen fragilissimus,1.31e-14,m^3,,,,
Bacillariophyta,Dactyliosolen fragilissimus,1.31e-14,m^3,,,,
Bacillariophyta,Dactyliosolen fragilissimus,1.31e-14,m^3,,,,
Bacillariophyta,Dactyliosolen fragilissimus,1.31e-14,m^3,,,,
Bacillariophyta,Dactyliosolen fragilissimus,1.31e-14,m^3,,,,
Bacillariophyta,Dactyliosolen fragilissimus,1.31e-14,m^3,,,,
Bacillariophyta,Dactyliosolen fragilissimus,1.31e-14,m^3,,,,
Bacillariophyta,Dactyliosolen fragilissimus,1.31e-14,m^3,,,,
Bacillariophyta,Dactyliosolen fragilissimus,1.31e-14,m^3,,,,
Bacillariophyta,Dactyliosolen fragilissimus,1.31e-14,m^3,,,,
Bacillariophyta,Dactyliosolen fragilissimus,1.31e-14,m^3,,,,
Bacillariophyta,Dactyliosolen fragilissimus,1.31e-14,m^3,,,,
Bacillariophyta,Dactyliosolen fragilissimus,1.31e-14,m^3,,,,
Bacillariophyta,Dactyliosolen fragilissimus,1.31e-14,m^3,,,,
Bacillariophyta,Dactyliosolen fragilissimus,1.31e-14,m^3,,,,
Bacillariophyta,Dactyliosolen fragilissimus,1.31e-14,m^3,,,,
Bacillariophyta,Dactyliosolen fragilissimus,1.31e-14,m^3,,,,
Bacillariophyta,Dactyliosolen fragilissimus,1.31e-14,m^3,,,,
Bacillariophyta,Dactyliosolen fragilissimus,1.31e-14,m^3,,,,
Bacillariophyta,Dactyliosolen fragilissimus,1.31e-14,m^3,,,,
Bacillariophyta,Dactyliosolen fragilissimus,1.31e-14,m^3,,,,
Bacillariophyta,Dactyliosolen fragilissimus,1.31e-14,m^3,,,,
Bacillariophyta,Dactyliosolen fragilissimus,1.31e-14,m^3,,,,
Bacillariophyta,Dactyliosolen fragilissimus,1.31e-14,m^3,,,,
Bacillariophyta,Dactyliosolen fragilissimus,1.31e-14,m^3,,,,
Bacillariophyta,Dactyliosolen fragilissimus,1.31e-14,m^3,,,,
Bacillariophyta,Dactyliosolen fragilissimus,1.31e-14,m^3,,,,
Bacillariophyta,Dactyliosolen fragilissimus,1.31e-14,m^3,,,,
Bacillariophyta,Dactyliosolen fragilissimus,1.31e-14,m^3,,,,
Bacillariophyta,Dactyliosolen fragilissimus,1.31e-14,m^3,,,,
Bacillariophyta,Dactyliosolen fragilissimus,1.31e-14,m^3,,,,
Bacillariophyta,Dactyliosolen fragilissimus,1.31e-14,m^3,,,,
Bacillariophyta,Dactyliosolen fragilissimus,1.31e-14,m^3,,,,
Bacillariophyta,Dactyliosolen fragilissimus,1.31e-14,m^3,,,,
Bacillariophyta,Dactyliosolen fragilissimus,1.31e-14,m^3,,,,
Bacillariophyta,Dactyliosolen fragilissimus,1.31e-14,m^3,,,,
Bacillariophyta,Dactyliosolen fragilissimus,1.31e-14,m^3,,,,
Bacillariophyta,Dactyliosolen fragilissimus,1.31e-14,m^3,,,,
Bacillariophyta,Dactyliosolen fragilissimus,1.31e-14,m^3,,,,
Bacillariophyta,Dactyliosolen fragilissimus,1.31e-14,m^3,,,,
Bacillariophyta,Dactyliosolen fragilissimus,1.31e-14,m^3,,,,
Bacillariophyta,Dactyliosolen fragilissimus,1.31e-14,m^3,,,,
Bacillariophyta,Dactyliosolen fragilissimus,1.31e-14,m^3,,,,
Bacillariophyta,Dactyliosolen fragilissimus,1.31e-14,m^3,,,,
Bacillariophyta,Rhizosolenia setigera,7.549999999999999e-16,m^3,,,,
Bacillariophyta,Rhizosolenia setigera,7.549999999999999e-16,m^3,,,,
Bacillariophyta,Rhizosolenia setigera,7.549999999999999e-16,m^3,,,,
Bacillariophyta,Rhizosolenia setigera,7.549999999999999e-16,m^3,,,,
Bacillariophyta,Rhizosolenia setigera,7.549999999999999e-16,m^3,,,,
Bacillariophyta,Rhizosolenia setigera,7.549999999999999e-16,m^3,,,,
Bacillariophyta,Rhizosolenia setigera,7.549999999999999e-16,m^3,,,,
Chlorophyta,Scenedesmus quadricauda,2.76e-16,m^3,,,,
Chlorophyta,Scenedesmus quadricauda,2.76e-16,m^3,,,,
Chlorophyta,Scenedesmus quadricauda,2.76e-16,m^3,,,,
Chlorophyta,Scenedesmus quadricauda,2.76e-16,m^3,,,,
Chlorophyta,Scenedesmus quadricauda,2.76e-16,m^3,,,,
Chlorophyta,Scenedesmus quadricauda,2.76e-16,m^3,,,,
,Scrippsiella trochoidea,8.47e-15,m^3,,,,
,Scrippsiella trochoidea,8.47e-15,m^3,,,,
,Scrippsiella trochoidea,8.47e-15,m^3,,,,
,Scrippsiella trochoidea,8.47e-15,m^3,,,,
,Scrippsiella trochoidea,8.47e-15,m^3,,,,
,Scrippsiella trochoidea,8.47e-15,m^3,,,,
,Scrippsiella trochoidea,8.47e-15,m^3,,,,
,Scrippsiella trochoidea,8.47e-15,m^3,,,,
,Scrippsiella trochoidea,8.47e-15,m^3,,,,
,Scrippsiella trochoidea,8.47e-15,m^3,,,,
,Scrippsiella trochoidea,8.47e-15,m^3,,,,
,Scrippsiella trochoidea,8.47e-15,m^3,,,,
,Scrippsiella trochoidea,8.47e-15,m^3,,,,
,Scrippsiella trochoidea,8.47e-15,m^3,,,,
,Scrippsiella trochoidea,8.47e-15,m^3,,,,
Bacillariophyta,Skeletonema costatum,2.58e-16,m^3,,,,
Bacillariophyta,Skeletonema costatum,2.58e-16,m^3,,,,
Bacillariophyta,Skeletonema costatum,2.58e-16,m^3,,,,
Bacillariophyta,Skeletonema costatum,2.58e-16,m^3,,,,
Bacillariophyta,Skeletonema costatum,2.58e-16,m^3,,,,
Bacillariophyta,Skeletonema costatum,2.58e-16,m^3,,,,
Bacillariophyta,Skeletonema costatum,3.76e-16,m^3,,,,
Bacillariophyta,Skeletonema costatum,3.76e-16,m^3,,,,
Bacillariophyta,Skeletonema costatum,3.76e-16,m^3,,,,
Bacillariophyta,Skeletonema costatum,3.76e-16,m^3,,,,
Bacillariophyta,Skeletonema costatum,3.76e-16,m^3,,,,
Bacillariophyta,Skeletonema costatum,3.76e-16,m^3,,,,
Bacillariophyta,Skeletonema japonicum,3.27e-16,m^3,,,,
Bacillariophyta,Skeletonema japonicum,3.27e-16,m^3,,,,
Bacillariophyta,Skeletonema japonicum,3.27e-16,m^3,,,,
Bacillariophyta,Skeletonema japonicum,3.27e-16,m^3,,,,
Bacillariophyta,Skeletonema japonicum,3.27e-16,m^3,,,,
Bacillariophyta,Skeletonema japonicum,3.27e-16,m^3,,,,
Bacillariophyta,Skeletonema japonicum,3.27e-16,m^3,,,,
Bacillariophyta,Skeletonema japonicum,3.27e-16,m^3,,,,
Bacillariophyta,Skeletonema japonicum,3.27e-16,m^3,,,,
Bacillariophyta,Skeletonema japonicum,3.27e-16,m^3,,,,
Bacillariophyta,Skeletonema japonicum,3.27e-16,m^3,,,,
Bacillariophyta,Skeletonema japonicum,3.27e-16,m^3,,,,
Bacillariophyta,Skeletonema menzellii,5.649999999999998e-17,m^3,,,,
Bacillariophyta,Skeletonema menzellii,5.649999999999998e-17,m^3,,,,
Bacillariophyta,Skeletonema menzellii,5.649999999999998e-17,m^3,,,,
Bacillariophyta,Skeletonema menzellii,5.649999999999998e-17,m^3,,,,
Bacillariophyta,Skeletonema menzellii,5.649999999999998e-17,m^3,,,,
Bacillariophyta,Skeletonema menzellii,5.649999999999998e-17,m^3,,,,
Bacillariophyta,Skeletonema menzellii,5.649999999999998e-17,m^3,,,,
Bacillariophyta,Skeletonema menzellii,5.649999999999998e-17,m^3,,,,
Bacillariophyta,Skeletonema menzellii,5.649999999999998e-17,m^3,,,,
Bacillariophyta,Skeletonema menzellii,5.649999999999998e-17,m^3,,,,
Bacillariophyta,Skeletonema menzellii,5.649999999999998e-17,m^3,,,,
Bacillariophyta,Skeletonema menzellii,5.649999999999998e-17,m^3,,,,
Bacillariophyta,Skeletonema menzellii,5.649999999999998e-17,m^3,,,,
Bacillariophyta,Skeletonema menzellii,5.649999999999998e-17,m^3,,,,
Bacillariophyta,Skeletonema menzellii,5.649999999999998e-17,m^3,,,,
Bacillariophyta,Skeletonema menzellii,5.649999999999998e-17,m^3,,,,
Bacillariophyta,Skeletonema menzellii,5.649999999999998e-17,m^3,,,,
Bacillariophyta,Skeletonema menzellii,5.649999999999998e-17,m^3,,,,
Bacillariophyta,Skeletonema menzellii,5.649999999999998e-17,m^3,,,,
Bacillariophyta,Skeletonema menzellii,5.649999999999998e-17,m^3,,,,
Bacillariophyta,Skeletonema menzellii,5.649999999999998e-17,m^3,,,,
Bacillariophyta,Skeletonema menzellii,5.649999999999998e-17,m^3,,,,
Bacillariophyta,Skeletonema menzellii,5.649999999999998e-17,m^3,,,,
Bacillariophyta,Skeletonema menzellii,5.649999999999998e-17,m^3,,,,
Bacillariophyta,Skeletonema tropicum,2.5e-15,m^3,,,,
Bacillariophyta,Skeletonema tropicum,2.5e-15,m^3,,,,
Bacillariophyta,Skeletonema tropicum,2.5e-15,m^3,,,,
Bacillariophyta,Skeletonema tropicum,2.5e-15,m^3,,,,
Bacillariophyta,Skeletonema tropicum,2.5e-15,m^3,,,,
Bacillariophyta,Skeletonema tropicum,2.5e-15,m^3,,,,
Bacillariophyta,Skeletonema tropicum,2.5e-15,m^3,,,,
Bacillariophyta,Skeletonema tropicum,2.5e-15,m^3,,,,
Bacillariophyta,Skeletonema tropicum,2.5e-15,m^3,,,,
Bacillariophyta,Skeletonema tropicum,2.5e-15,m^3,,,,
Bacillariophyta,Skeletonema tropicum,2.5e-15,m^3,,,,
Bacillariophyta,Skeletonema tropicum,2.5e-15,m^3,,,,
Bacillariophyta,Skeletonema tropicum,2.5e-15,m^3,,,,
Bacillariophyta,Skeletonema tropicum,2.5e-15,m^3,,,,
Bacillariophyta,Skeletonema tropicum,2.5e-15,m^3,,,,
Bacillariophyta,Skeletonema tropicum,2.5e-15,m^3,,,,
Bacillariophyta,Skeletonema tropicum,2.5e-15,m^3,,,,
Bacillariophyta,Skeletonema tropicum,2.5e-15,m^3,,,,
Bacillariophyta,Skeletonema tropicum,2.5e-15,m^3,,,,
Bacillariophyta,Skeletonema tropicum,2.5e-15,m^3,,,,
Bacillariophyta,Skeletonema tropicum,2.5e-15,m^3,,,,
Bacillariophyta,Skeletonema tropicum,2.5e-15,m^3,,,,
Bacillariophyta,Skeletonema tropicum,2.5e-15,m^3,,,,
Bacillariophyta,Skeletonema tropicum,2.5e-15,m^3,,,,
Bacillariophyta,Skeletonema tropicum,2.5e-15,m^3,,,,
Bacillariophyta,Skeletonema tropicum,2.5e-15,m^3,,,,
Bacillariophyta,Skeletonema tropicum,2.5e-15,m^3,,,,
Bacillariophyta,Skeletonema tropicum,2.5e-15,m^3,,,,
Streptophyta,Staurastrum anatinum,1.13e-14,m^3,,,,
Streptophyta,Staurastrum anatinum,1.13e-14,m^3,,,,
Streptophyta,Staurastrum anatinum,1.13e-14,m^3,,,,
Streptophyta,Staurastrum anatinum,1.13e-14,m^3,,,,
Streptophyta,Staurastrum anatinum,1.13e-14,m^3,,,,
Streptophyta,Staurastrum anatinum,1.13e-14,m^3,,,,
Streptophyta,Staurastrum avicula,1.68e-14,m^3,,,,
Streptophyta,Staurastrum avicula,1.68e-14,m^3,,,,
Streptophyta,Staurastrum avicula,1.68e-14,m^3,,,,
Streptophyta,Staurastrum avicula,1.68e-14,m^3,,,,
Streptophyta,Staurastrum avicula,1.68e-14,m^3,,,,
Streptophyta,Staurastrum avicula,1.68e-14,m^3,,,,
Streptophyta,Staurastrum chaetoceras,4.6e-15,m^3,,,,
Streptophyta,Staurastrum chaetoceras,4.6e-15,m^3,,,,
Streptophyta,Staurastrum chaetoceras,4.6e-15,m^3,,,,
Streptophyta,Staurastrum chaetoceras,4.6e-15,m^3,,,,
Streptophyta,Staurastrum chaetoceras,4.6e-15,m^3,,,,
Streptophyta,Staurastrum chaetoceras,4.6e-15,m^3,,,,
Streptophyta,Staurastrum cingulum,6.4e-15,m^3,,,,
Streptophyta,Staurastrum cingulum,6.4e-15,m^3,,,,
Streptophyta,Staurastrum cingulum,6.4e-15,m^3,,,,
Streptophyta,Staurastrum cingulum,6.4e-15,m^3,,,,
Streptophyta,Staurastrum cingulum,6.4e-15,m^3,,,,
Streptophyta,Staurastrum cingulum,6.4e-15,m^3,,,,
Streptophyta,Staurastrum cingulum,6.4e-15,m^3,,,,
Streptophyta,Staurastrum cingulum,6.4e-15,m^3,,,,
Streptophyta,Staurastrum cingulum,6.4e-15,m^3,,,,
Streptophyta,Staurastrum cingulum,6.4e-15,m^3,,,,
Streptophyta,Staurastrum cingulum,6.4e-15,m^3,,,,
Streptophyta,Staurastrum cingulum,6.4e-15,m^3,,,,
Streptophyta,Staurastrum cingulum,6.4e-15,m^3,,,,
Streptophyta,Staurastrum cingulum,6.4e-15,m^3,,,,
Streptophyta,Staurastrum cingulum,6.4e-15,m^3,,,,
Streptophyta,Staurastrum pingue,5.1e-15,m^3,,,,
Streptophyta,Staurastrum pingue,5.1e-15,m^3,,,,
Streptophyta,Staurastrum pingue,5.1e-15,m^3,,,,
Streptophyta,Staurastrum pingue,5.1e-15,m^3,,,,
Streptophyta,Staurastrum pingue,5.1e-15,m^3,,,,
Streptophyta,Staurastrum pingue,5.1e-15,m^3,,,,
Streptophyta,Staurastrum planctonicum,7.8e-15,m^3,,,,
Streptophyta,Staurastrum planctonicum,7.8e-15,m^3,,,,
Streptophyta,Staurastrum planctonicum,7.8e-15,m^3,,,,
Streptophyta,Staurastrum planctonicum,7.8e-15,m^3,,,,
Streptophyta,Staurastrum planctonicum,7.8e-15,m^3,,,,
Streptophyta,Staurastrum planctonicum,7.8e-15,m^3,,,,
Streptophyta,Staurodesmus cuspidatus,5.1e-15,m^3,,,,
Streptophyta,Staurodesmus cuspidatus,5.1e-15,m^3,,,,
Streptophyta,Staurodesmus cuspidatus,5.1e-15,m^3,,,,
Streptophyta,Staurodesmus cuspidatus,5.1e-15,m^3,,,,
Streptophyta,Staurodesmus cuspidatus,5.1e-15,m^3,,,,
Streptophyta,Staurodesmus cuspidatus,5.1e-15,m^3,,,,
Bacillariophyta,Stellarima microtrias,5.39e-14,m^3,,,,
Bacillariophyta,Stellarima microtrias,5.39e-14,m^3,,,,
Bacillariophyta,Stellarima microtrias,5.39e-14,m^3,,,,
Bacillariophyta,Stellarima microtrias,5.39e-14,m^3,,,,
Bacillariophyta,Stellarima microtrias,5.39e-14,m^3,,,,
Bacillariophyta,Stellarima microtrias,5.39e-14,m^3,,,,
Bacillariophyta,Thalassionema nitzschioides,4.24e-16,m^3,,,,
Bacillariophyta,Thalassionema nitzschioides,4.24e-16,m^3,,,,
Bacillariophyta,Thalassionema nitzschioides,4.24e-16,m^3,,,,
Bacillariophyta,Thalassionema nitzschioides,4.24e-16,m^3,,,,
Bacillariophyta,Thalassionema nitzschioides,4.24e-16,m^3,,,,
Bacillariophyta,Thalassionema nitzschioides,4.24e-16,m^3,,,,
Bacillariophyta,Thalassiosira eccentrica,3.97e-13,m^3,,,,
Bacillariophyta,Thalassiosira eccentrica,3.07e-13,m^3,,,,
Bacillariophyta,Thalassiosira eccentrica,4e-13,m^3,,,,
Bacillariophyta,Thalassiosira eccentrica,2.22e-13,m^3,,,,
Bacillariophyta,Thalassiosira eccentrica,2.3100000000000003e-13,m^3,,,,
Bacillariophyta,Thalassiosira eccentrica,2.29e-13,m^3,,,,
Bacillariophyta,Thalassiosira nordenskioeldii,1.29e-15,m^3,,,,
Bacillariophyta,Thalassiosira nordenskioeldii,6.45e-15,m^3,,,,
Bacillariophyta,Thalassiosira nordenskioeldii,4.32e-15,m^3,,,,
Bacillariophyta,Thalassiosira nordenskioeldii,2.38e-14,m^3,,,,
Bacillariophyta,Thalassiosira nordenskioeldii,7.61e-15,m^3,,,,
Bacillariophyta,Thalassiosira nordenskioeldii,4.32e-15,m^3,,,,
Bacillariophyta,Thalassiosira nordenskioeldii,6.71e-15,m^3,,,,
Bacillariophyta,Thalassiosira nordenskioeldii,4.51e-15,m^3,,,,
Bacillariophyta,Thalassiosira nordenskioeldii,5.27e-15,m^3,,,,
Bacillariophyta,Thalassiosira nordenskioeldii,5.27e-15,m^3,,,,
Bacillariophyta,Thalassiosira nordenskioeldii,5.27e-15,m^3,,,,
Bacillariophyta,Thalassiosira nordenskioeldii,5.27e-15,m^3,,,,
Bacillariophyta,Thalassiosira nordenskioeldii,5.27e-15,m^3,,,,
Bacillariophyta,Thalassiosira nordenskioeldii,5.27e-15,m^3,,,,
Bacillariophyta,Thalassiosira nordenskioeldii,2.57e-15,m^3,,,,
Bacillariophyta,Thalassiosira nordenskioeldii,2.57e-15,m^3,,,,
Bacillariophyta,Thalassiosira nordenskioeldii,2.57e-15,m^3,,,,
Bacillariophyta,Thalassiosira nordenskioeldii,2.57e-15,m^3,,,,
Bacillariophyta,Thalassiosira nordenskioeldii,2.57e-15,m^3,,,,
Bacillariophyta,Thalassiosira nordenskioeldii,2.57e-15,m^3,,,,
Bacillariophyta,Thalassiosira nordenskioeldii,2.57e-15,m^3,,,,
Bacillariophyta,Thalassiosira nordenskioeldii,2.57e-15,m^3,,,,
Bacillariophyta,Thalassiosira nordenskioeldii,2.57e-15,m^3,,,,
Bacillariophyta,Thalassiosira pseudonana,9.13e-17,m^3,,,,
Bacillariophyta,Thalassiosira pseudonana,9.13e-17,m^3,,,,
Bacillariophyta,Thalassiosira pseudonana,9.13e-17,m^3,,,,
Bacillariophyta,Thalassiosira pseudonana,9.13e-17,m^3,,,,
Bacillariophyta,Thalassiosira pseudonana,9.13e-17,m^3,,,,
Bacillariophyta,Thalassiosira pseudonana,9.13e-17,m^3,,,,
Bacillariophyta,Thalassiosira pseudonana,9.13e-17,m^3,,,,
Bacillariophyta,Thalassiosira pseudonana,9.13e-17,m^3,,,,
Bacillariophyta,Thalassiosira pseudonana,9.13e-17,m^3,,,,
Bacillariophyta,Thalassiosira pseudonana,9.13e-17,m^3,,,,
Bacillariophyta,Thalassiosira pseudonana,9.13e-17,m^3,,,,
Bacillariophyta,Thalassiosira pseudonana,9.13e-17,m^3,,,,
Bacillariophyta,Thalassiosira pseudonana,9.13e-17,m^3,,,,
Bacillariophyta,Thalassiosira pseudonana,9.13e-17,m^3,,,,
Bacillariophyta,Thalassiosira pseudonana,9.13e-17,m^3,,,,
Bacillariophyta,Thalassiosira pseudonana,9.13e-17,m^3,,,,
Bacillariophyta,Thalassiosira pseudonana,9.13e-17,m^3,,,,
Bacillariophyta,Thalassiosira pseudonana,9.13e-17,m^3,,,,
Bacillariophyta,Thalassiosira pseudonana,9.13e-17,m^3,,,,
Bacillariophyta,Thalassiosira pseudonana,9.13e-17,m^3,,,,
Bacillariophyta,Thalassiosira pseudonana,9.13e-17,m^3,,,,
Bacillariophyta,Thalassiosira pseudonana,9.13e-17,m^3,,,,
Bacillariophyta,Thalassiosira pseudonana,9.13e-17,m^3,,,,
Bacillariophyta,Thalassiosira pseudonana,9.13e-17,m^3,,,,
Bacillariophyta,Thalassiosira pseudonana,9.13e-17,m^3,,,,
Bacillariophyta,Thalassiosira pseudonana,9.13e-17,m^3,,,,
Bacillariophyta,Thalassiosira pseudonana,9.13e-17,m^3,,,,
Bacillariophyta,Thalassiosira pseudonana,9.13e-17,m^3,,,,
Bacillariophyta,Thalassiosira pseudonana,9.13e-17,m^3,,,,
Bacillariophyta,Thalassiosira pseudonana,9.13e-17,m^3,,,,
Bacillariophyta,Thalassiosira pseudonana,9.13e-17,m^3,,,,
Bacillariophyta,Thalassiosira pseudonana,9.13e-17,m^3,,,,
Bacillariophyta,Thalassiosira pseudonana,9.13e-17,m^3,,,,
Bacillariophyta,Thalassiosira pseudonana,9.13e-17,m^3,,,,
Bacillariophyta,Thalassiosira pseudonana,9.13e-17,m^3,,,,
Bacillariophyta,Thalassiosira pseudonana,9.13e-17,m^3,,,,
Bacillariophyta,Thalassiosira pseudonana,9.13e-17,m^3,,,,
Bacillariophyta,Thalassiosira pseudonana,9.13e-17,m^3,,,,
Bacillariophyta,Thalassiosira pseudonana,9.13e-17,m^3,,,,
Bacillariophyta,Thalassiosira pseudonana,9.13e-17,m^3,,,,
Bacillariophyta,Thalassiosira pseudonana,9.13e-17,m^3,,,,
Bacillariophyta,Thalassiosira pseudonana,9.13e-17,m^3,,,,
Bacillariophyta,Thalassiosira pseudonana,9.13e-17,m^3,,,,
Bacillariophyta,Thalassiosira pseudonana,9.13e-17,m^3,,,,
Bacillariophyta,Thalassiosira pseudonana,9.13e-17,m^3,,,,
Bacillariophyta,Thalassiosira pseudonana,9.13e-17,m^3,,,,
Bacillariophyta,Thalassiosira pseudonana,7.709999999999999e-17,m^3,,,,
Bacillariophyta,Thalassiosira pseudonana,7.709999999999999e-17,m^3,,,,
Bacillariophyta,Thalassiosira pseudonana,7.709999999999999e-17,m^3,,,,
Bacillariophyta,Thalassiosira pseudonana,7.709999999999999e-17,m^3,,,,
Bacillariophyta,Thalassiosira pseudonana,7.709999999999999e-17,m^3,,,,
Bacillariophyta,Thalassiosira pseudonana,7.709999999999999e-17,m^3,,,,
Bacillariophyta,Thalassiosira pseudonana,7.709999999999999e-17,m^3,,,,
Bacillariophyta,Thalassiosira pseudonana,7.709999999999999e-17,m^3,,,,
Bacillariophyta,Thalassiosira pseudonana,7.709999999999999e-17,m^3,,,,
Bacillariophyta,Thalassiosira pseudonana,7.709999999999999e-17,m^3,,,,
Bacillariophyta,Thalassiosira pseudonana,7.709999999999999e-17,m^3,,,,
Bacillariophyta,Thalassiosira pseudonana,7.709999999999999e-17,m^3,,,,
Bacillariophyta,Thalassiosira pseudonana,7.709999999999999e-17,m^3,,,,
Bacillariophyta,Thalassiosira pseudonana,7.709999999999999e-17,m^3,,,,
Bacillariophyta,Thalassiosira pseudonana,7.709999999999999e-17,m^3,,,,
Bacillariophyta,Thalassiosira pseudonana,7.709999999999999e-17,m^3,,,,
Bacillariophyta,Thalassiosira pseudonana,7.709999999999999e-17,m^3,,,,
Bacillariophyta,Thalassiosira rotula,5.26e-14,m^3,,,,
Bacillariophyta,Thalassiosira rotula,6.01e-14,m^3,,,,
Bacillariophyta,Thalassiosira rotula,4.05e-14,m^3,,,,
Bacillariophyta,Thalassiosira rotula,4.05e-14,m^3,,,,
Bacillariophyta,Thalassiosira rotula,1.81e-14,m^3,,,,
Bacillariophyta,Thalassiosira rotula,4.13e-14,m^3,,,,
Bacillariophyta,Thalassiosira rotula,2.48e-14,m^3,,,,
Bacillariophyta,Thalassiosira rotula,3.08e-14,m^3,,,,
Bacillariophyta,Thalassiosira rotula,3.43e-14,m^3,,,,
Bacillariophyta,Thalassiosira rotula,4.05e-14,m^3,,,,
Bacillariophyta,Thalassiosira rotula,4.05e-14,m^3,,,,
Bacillariophyta,Thalassiosira rotula,4.05e-14,m^3,,,,
Bacillariophyta,Thalassiosira rotula,4.05e-14,m^3,,,,
Bacillariophyta,Thalassiosira rotula,4.05e-14,m^3,,,,
Bacillariophyta,Thalassiosira rotula,4.05e-14,m^3,,,,
Bacillariophyta,Thalassiosira rotula,4.05e-14,m^3,,,,
Bacillariophyta,Thalassiosira rotula,4.05e-14,m^3,,,,
Bacillariophyta,Thalassiosira rotula,4.05e-14,m^3,,,,
Bacillariophyta,Thalassiosira rotula,4.05e-14,m^3,,,,
Bacillariophyta,Thalassiosira rotula,4.05e-14,m^3,,,,
Bacillariophyta,Thalassiosira rotula,4.05e-14,m^3,,,,
Bacillariophyta,Thalassiosira rotula,4.05e-14,m^3,,,,
Bacillariophyta,Thalassiosira rotula,4.05e-14,m^3,,,,
Bacillariophyta,Thalassiosira rotula,4.05e-14,m^3,,,,
Bacillariophyta,Thalassiosira rotula,4.05e-14,m^3,,,,
Bacillariophyta,Thalassiosira rotula,4.05e-14,m^3,,,,
Bacillariophyta,Thalassiosira rotula,4.05e-14,m^3,,,,
Bacillariophyta,Thalassiosira rotula,4.05e-14,m^3,,,,
Bacillariophyta,Thalassiosira rotula,4.05e-14,m^3,,,,
Bacillariophyta,Thalassiosira rotula,4.05e-14,m^3,,,,
Bacillariophyta,Thalassiosira rotula,4.05e-14,m^3,,,,
Bacillariophyta,Thalassiosira rotula,4.05e-14,m^3,,,,
Bacillariophyta,Thalassiosira rotula,4.05e-14,m^3,,,,
Bacillariophyta,Thalassiosira rotula,4.05e-14,m^3,,,,
Bacillariophyta,Thalassiosira rotula,4.05e-14,m^3,,,,
Bacillariophyta,Thalassiosira rotula,4.05e-14,m^3,,,,
Bacillariophyta,Thalassiosira rotula,4.05e-14,m^3,,,,
Bacillariophyta,Thalassiosira rotula,4.05e-14,m^3,,,,
Bacillariophyta,Thalassiosira rotula,4.05e-14,m^3,,,,
Bacillariophyta,Thalassiosira rotula,4.05e-14,m^3,,,,
Bacillariophyta,Thalassiosira rotula,4.05e-14,m^3,,,,
Bacillariophyta,Thalassiosira rotula,4.05e-14,m^3,,,,
Bacillariophyta,Thalassiosira rotula,4.05e-14,m^3,,,,
Bacillariophyta,Thalassiosira weissflogii,8.91e-16,m^3,,,,
Bacillariophyta,Thalassiosira weissflogii,7.179999999999998e-16,m^3,,,,
Bacillariophyta,Thalassiosira weissflogii,5.179999999999998e-16,m^3,,,,
Bacillariophyta,Thalassiosira weissflogii,5.719999999999999e-16,m^3,,,,
Bacillariophyta,Thalassiosira weissflogii,7.1299999999999995e-16,m^3,,,,
Bacillariophyta,Thalassiosira weissflogii,5.21e-16,m^3,,,,
Bacillariophyta,Thalassiosira weissflogii,6.480000000000002e-16,m^3,,,,
Chlorophyta,Ankistrodesmus falcatus,2.83e-16,m^3,,,,
Chlorophyta,Ankistrodesmus falcatus,2.83e-16,m^3,,,,
Chlorophyta,Ankistrodesmus falcatus,2.83e-16,m^3,,,,
Chlorophyta,Ankistrodesmus falcatus,2.83e-16,m^3,,,,
Chlorophyta,Ankistrodesmus falcatus,2.83e-16,m^3,,,,
Chlorophyta,Ankistrodesmus falcatus,2.83e-16,m^3,,,,
Chlorophyta,Desmodesmus quadricauda,1.571e-15,m^3,,,,
Chlorophyta,Desmodesmus quadricauda,1.571e-15,m^3,,,,
Chlorophyta,Desmodesmus quadricauda,1.571e-15,m^3,,,,
Chlorophyta,Desmodesmus quadricauda,1.571e-15,m^3,,,,
Chlorophyta,Desmodesmus quadricauda,1.571e-15,m^3,,,,
Chlorophyta,Desmodesmus quadricauda,1.571e-15,m^3,,,,
Chlorophyta,Scenedesmus acuminatus,1.753e-15,m^3,,,,
Chlorophyta,Scenedesmus acuminatus,1.753e-15,m^3,,,,
Chlorophyta,Scenedesmus acuminatus,1.753e-15,m^3,,,,
Chlorophyta,Scenedesmus acuminatus,1.753e-15,m^3,,,,
Chlorophyta,Scenedesmus acuminatus,1.753e-15,m^3,,,,
Chlorophyta,Scenedesmus acuminatus,1.753e-15,m^3,,,,
Chlorophyta,Scenedesmus acutus,1.72e-16,m^3,,,,
Chlorophyta,Scenedesmus acutus,1.72e-16,m^3,,,,
Chlorophyta,Scenedesmus acutus,1.72e-16,m^3,,,,
Chlorophyta,Scenedesmus acutus,1.72e-16,m^3,,,,
Chlorophyta,Scenedesmus acutus,1.72e-16,m^3,,,,
Chlorophyta,Scenedesmus acutus,1.72e-16,m^3,,,,
Chlorophyta,Chlorella vulgaris,1.11e-17,m^3,,,,
Chlorophyta,Chlorella vulgaris,1.11e-17,m^3,,,,
Chlorophyta,Chlorella vulgaris,1.11e-17,m^3,,,,
Chlorophyta,Chlorella vulgaris,1.11e-17,m^3,,,,
Chlorophyta,Chlorella vulgaris,1.11e-17,m^3,,,,
Chlorophyta,Chlorella vulgaris,1.11e-17,m^3,,,,
Chlorophyta,Chlorella vulgaris,1.11e-17,m^3,,,,
Bacillariophyta,Asterionellopsis glacialis,4.4399999999999996e-15,m^3,,,,
Bacillariophyta,Asterionellopsis glacialis,4.4399999999999996e-15,m^3,,,,
Bacillariophyta,Asterionellopsis glacialis,4.4399999999999996e-15,m^3,,,,
Bacillariophyta,Asterionellopsis glacialis,4.4399999999999996e-15,m^3,,,,
Bacillariophyta,Asterionellopsis glacialis,4.4399999999999996e-15,m^3,,,,
Bacillariophyta,Asterionellopsis glacialis,4.4399999999999996e-15,m^3,,,,
Bacillariophyta,Asterionellopsis glacialis,4.4399999999999996e-15,m^3,,,,
Bacillariophyta,Asterionellopsis glacialis,4.4399999999999996e-15,m^3,,,,
Bacillariophyta,Asterionellopsis glacialis,4.4399999999999996e-15,m^3,,,,
Bacillariophyta,Asterionellopsis glacialis,4.4399999999999996e-15,m^3,,,,
Bacillariophyta,Asterionellopsis glacialis,4.4399999999999996e-15,m^3,,,,
Bacillariophyta,Asterionellopsis glacialis,4.4399999999999996e-15,m^3,,,,
Bacillariophyta,Asterionellopsis glacialis,4.4399999999999996e-15,m^3,,,,
Bacillariophyta,Asterionellopsis glacialis,4.4399999999999996e-15,m^3,,,,
Bacillariophyta,Asterionellopsis glacialis,4.4399999999999996e-15,m^3,,,,
Bacillariophyta,Asterionellopsis glacialis,4.4399999999999996e-15,m^3,,,,
Bacillariophyta,Asterionellopsis glacialis,4.4399999999999996e-15,m^3,,,,
,Calciodinellum albatrosianum,1.26e-16,m^3,,,,
,Calciodinellum albatrosianum,1.26e-16,m^3,,,,
,Calciodinellum albatrosianum,1.26e-16,m^3,,,,
,Calciodinellum albatrosianum,1.26e-16,m^3,,,,
,Calciodinellum albatrosianum,1.26e-16,m^3,,,,
,Calciodinellum albatrosianum,1.26e-16,m^3,,,,
,Calciodinellum albatrosianum,1.26e-16,m^3,,,,
,Calciodinellum albatrosianum,1.26e-16,m^3,,,,
,Calciodinellum albatrosianum,1.26e-16,m^3,,,,
,Calciodinellum albatrosianum,1.26e-16,m^3,,,,
,Calciodinellum albatrosianum,1.26e-16,m^3,,,,
,Ceratium fusus,4.9087e-14,m^3,,,,
,Ceratium fusus,4.9087e-14,m^3,,,,
,Ceratium fusus,4.9087e-14,m^3,,,,
,Ceratium fusus,4.9087e-14,m^3,,,,
,Ceratium fusus,4.9087e-14,m^3,,,,
,Ceratium fusus,4.9087e-14,m^3,,,,
,Ceratium fusus,4.9087e-14,m^3,,,,
,Ceratium fusus,4.9087e-14,m^3,,,,
,Ceratium fusus,4.9087e-14,m^3,,,,
,Ceratium fusus,4.9087e-14,m^3,,,,
Bacillariophyta,Rhizosolenia setigera,7.549999999999999e-16,m^3,,,,
Bacillariophyta,Rhizosolenia setigera,7.549999999999999e-16,m^3,,,,
Bacillariophyta,Rhizosolenia setigera,7.549999999999999e-16,m^3,,,,
Bacillariophyta,Rhizosolenia setigera,7.549999999999999e-16,m^3,,,,
Bacillariophyta,Rhizosolenia setigera,7.549999999999999e-16,m^3,,,,
Bacillariophyta,Rhizosolenia setigera,7.549999999999999e-16,m^3,,,,
Bacillariophyta,Thalassionema nitzschioides,4.24e-16,m^3,,,,
Bacillariophyta,Thalassionema nitzschioides,4.24e-16,m^3,,,,
Bacillariophyta,Thalassionema nitzschioides,4.24e-16,m^3,,,,
Bacillariophyta,Thalassionema nitzschioides,4.24e-16,m^3,,,,
Bacillariophyta,Thalassionema nitzschioides,4.24e-16,m^3,,,,
Bacillariophyta,Thalassionema nitzschioides,4.24e-16,m^3,,,,
Bacillariophyta,Thalassionema nitzschioides,4.24e-16,m^3,,,,
Bacillariophyta,Thalassionema nitzschioides,4.24e-16,m^3,,,,
Bacillariophyta,Thalassionema nitzschioides,4.24e-16,m^3,,,,
Bacillariophyta,Thalassionema nitzschioides,4.24e-16,m^3,,,,
Streptophyta,Cosmarium crenatum,9.378e-15,m^3,,,,
Streptophyta,Cosmarium crenatum,9.378e-15,m^3,,,,
Streptophyta,Cosmarium crenatum,9.378e-15,m^3,,,,
Streptophyta,Cosmarium crenatum,9.378e-15,m^3,,,,
Streptophyta,Cosmarium crenatum,9.378e-15,m^3,,,,
Streptophyta,Cosmarium crenatum,9.378e-15,m^3,,,,
Streptophyta,Cosmarium crenatum,9.378e-15,m^3,,,,
Streptophyta,Cosmarium crenatum,9.378e-15,m^3,,,,
Streptophyta,Cosmarium punctulatum,1.1368e-14,m^3,,,,
Streptophyta,Cosmarium punctulatum,1.1368e-14,m^3,,,,
Streptophyta,Cosmarium punctulatum,1.1368e-14,m^3,,,,
Streptophyta,Cosmarium punctulatum,1.1368e-14,m^3,,,,
Streptophyta,Cosmarium punctulatum,1.1368e-14,m^3,,,,
Streptophyta,Cosmarium punctulatum,1.1368e-14,m^3,,,,
Streptophyta,Cosmarium punctulatum,1.1368e-14,m^3,,,,
Streptophyta,Cosmarium punctulatum,1.1368e-14,m^3,,,,
Streptophyta,Cosmarium regnesii,5.1900000000000015e-16,m^3,,,,
Streptophyta,Cosmarium regnesii,5.1900000000000015e-16,m^3,,,,
Streptophyta,Cosmarium regnesii,5.1900000000000015e-16,m^3,,,,
Streptophyta,Cosmarium regnesii,5.1900000000000015e-16,m^3,,,,
Streptophyta,Cosmarium regnesii,5.1900000000000015e-16,m^3,,,,
Streptophyta,Cosmarium regnesii,5.1900000000000015e-16,m^3,,,,
Streptophyta,Cosmarium regnesii,5.1900000000000015e-16,m^3,,,,
Streptophyta,Cosmarium regnesii,5.1900000000000015e-16,m^3,,,,
Streptophyta,Cosmarium regnesii,5.1900000000000015e-16,m^3,,,,
Streptophyta,Cosmarium meneghinii,1.151e-15,m^3,,,,
Streptophyta,Cosmarium meneghinii,1.151e-15,m^3,,,,
Streptophyta,Cosmarium meneghinii,1.151e-15,m^3,,,,
Streptophyta,Cosmarium meneghinii,1.151e-15,m^3,,,,
Streptophyta,Cosmarium meneghinii,1.151e-15,m^3,,,,
Streptophyta,Cosmarium meneghinii,1.151e-15,m^3,,,,
Streptophyta,Cosmarium meneghinii,1.151e-15,m^3,,,,
Streptophyta,Cosmarium meneghinii,1.151e-15,m^3,,,,
Streptophyta,Cosmarium meneghinii,1.151e-15,m^3,,,,
Streptophyta,Cosmarium punctulatum,8.09e-15,m^3,,,,
Streptophyta,Cosmarium punctulatum,8.09e-15,m^3,,,,
Streptophyta,Cosmarium punctulatum,8.09e-15,m^3,,,,
Streptophyta,Cosmarium punctulatum,8.09e-15,m^3,,,,
Streptophyta,Cosmarium punctulatum,8.09e-15,m^3,,,,
Streptophyta,Cosmarium punctulatum,8.09e-15,m^3,,,,
Streptophyta,Cosmarium punctulatum,8.09e-15,m^3,,,,
Streptophyta,Cosmarium punctulatum,8.09e-15,m^3,,,,
Streptophyta,Cosmarium beatum,9.795999999999999e-15,m^3,,,,
Streptophyta,Cosmarium beatum,9.795999999999999e-15,m^3,,,,
Streptophyta,Cosmarium beatum,9.795999999999999e-15,m^3,,,,
Streptophyta,Cosmarium beatum,9.795999999999999e-15,m^3,,,,
Streptophyta,Cosmarium beatum,9.795999999999999e-15,m^3,,,,
Streptophyta,Cosmarium beatum,9.795999999999999e-15,m^3,,,,
Streptophyta,Cosmarium beatum,9.795999999999999e-15,m^3,,,,
Streptophyta,Cosmarium beatum,9.795999999999999e-15,m^3,,,,
Chlorophyta,Cladophora glomerata,108.0,mg,,,,
Chlorophyta,Cladophora glomerata,108.0,mg,,,,
Chlorophyta,Cladophora glomerata,108.0,mg,,,,
Chlorophyta,Cladophora glomerata,108.0,mg,,,,
Chlorophyta,Cladophora glomerata,108.0,mg,,,,
Chlorophyta,Cladophora glomerata,108.0,mg,,,,
Chlorophyta,Cladophora glomerata,108.0,mg,,,,
Chlorophyta,Cladophora glomerata,108.0,mg,,,,
Chlorophyta,Cladophora glomerata,108.0,mg,,,,
Chlorophyta,Cladophora glomerata,108.0,mg,,,,
Chlorophyta,Cladophora glomerata,108.0,mg,,,,
Chlorophyta,Cladophora glomerata,108.0,mg,,,,
Chlorophyta,Cladophora glomerata,108.0,mg,,,,
Chlorophyta,Cladophora glomerata,108.0,mg,,,,
Chlorophyta,Cladophora glomerata,108.0,mg,,,,
Chlorophyta,Cladophora glomerata,108.0,mg,,,,
Chlorophyta,Cladophora glomerata,108.0,mg,,,,
Chlorophyta,Cladophora glomerata,108.0,mg,,,,
Chlorophyta,Cladophora glomerata,108.0,mg,,,,
Chlorophyta,Cladophora glomerata,108.0,mg,,,,
Chlorophyta,Cladophora glomerata,108.0,mg,,,,
Chlorophyta,Cladophora glomerata,108.0,mg,,,,
Chlorophyta,Cladophora glomerata,108.0,mg,,,,
Chlorophyta,Cladophora glomerata,108.0,mg,,,,
Chlorophyta,Cladophora glomerata,108.0,mg,,,,
Chlorophyta,Cladophora glomerata,108.0,mg,,,,
Chlorophyta,Cladophora glomerata,108.0,mg,,,,
Chlorophyta,Cladophora glomerata,108.0,mg,,,,
Chlorophyta,Cladophora glomerata,108.0,mg,,,,
Chlorophyta,Cladophora glomerata,108.0,mg,,,,
Chlorophyta,Cladophora glomerata,108.0,mg,,,,
Chlorophyta,Cladophora glomerata,108.0,mg,,,,
Chlorophyta,Cladophora glomerata,108.0,mg,,,,
Chlorophyta,Cladophora glomerata,108.0,mg,,,,
Chlorophyta,Cladophora glomerata,108.0,mg,,,,
Chlorophyta,Cladophora glomerata,108.0,mg,,,,
Chlorophyta,Cladophora glomerata,108.0,mg,,,,
Chlorophyta,Cladophora glomerata,108.0,mg,,,,
Chlorophyta,Cladophora glomerata,108.0,mg,,,,
Chlorophyta,Cladophora glomerata,108.0,mg,,,,
Chlorophyta,Cladophora glomerata,108.0,mg,,,,
Chlorophyta,Cladophora glomerata,108.0,mg,,,,
Chlorophyta,Cladophora glomerata,108.0,mg,,,,
Chlorophyta,Cladophora glomerata,108.0,mg,,,,
Chlorophyta,Cladophora glomerata,108.0,mg,,,,
Chlorophyta,Cladophora glomerata,108.0,mg,,,,
Chlorophyta,Cladophora glomerata,108.0,mg,,,,
Chlorophyta,Cladophora glomerata,108.0,mg,,,,
Chlorophyta,Cladophora glomerata,108.0,mg,,,,
Chlorophyta,Cladophora glomerata,108.0,mg,,,,
Chlorophyta,Cladophora glomerata,108.0,mg,,,,
Chlorophyta,Cladophora glomerata,108.0,mg,,,,
Chlorophyta,Cladophora glomerata,108.0,mg,,,,
Chlorophyta,Cladophora glomerata,108.0,mg,,,,
Chlorophyta,Cladophora glomerata,108.0,mg,,,,
Chlorophyta,Cladophora glomerata,108.0,mg,,,,
Chlorophyta,Cladophora glomerata,108.0,mg,,,,
Chlorophyta,Cladophora glomerata,108.0,mg,,,,
Chlorophyta,Cladophora glomerata,108.0,mg,,,,
Chlorophyta,Cladophora glomerata,108.0,mg,,,,
Chlorophyta,Cladophora glomerata,108.0,mg,,,,
Chlorophyta,Cladophora glomerata,108.0,mg,,,,
Chlorophyta,Cladophora glomerata,108.0,mg,,,,
Chlorophyta,Cladophora glomerata,108.0,mg,,,,
Chlorophyta,Cladophora glomerata,108.0,mg,,,,
Chlorophyta,Cladophora glomerata,108.0,mg,,,,
Chlorophyta,Cladophora glomerata,108.0,mg,,,,
Chlorophyta,Cladophora glomerata,108.0,mg,,,,
Chlorophyta,Cladophora glomerata,108.0,mg,,,,
Chlorophyta,Cladophora glomerata,108.0,mg,,,,
Chlorophyta,Cladophora glomerata,108.0,mg,,,,
Chlorophyta,Cladophora glomerata,108.0,mg,,,,
Chlorophyta,Cladophora glomerata,108.0,mg,,,,
Chlorophyta,Cladophora glomerata,108.0,mg,,,,
Chlorophyta,Cladophora glomerata,108.0,mg,,,,
Chlorophyta,Cladophora glomerata,108.0,mg,,,,
Chlorophyta,Cladophora glomerata,108.0,mg,,,,
Chlorophyta,Cladophora glomerata,108.0,mg,,,,
Chlorophyta,Cladophora glomerata,108.0,mg,,,,
Chlorophyta,Cladophora glomerata,108.0,mg,,,,
Chlorophyta,Cladophora glomerata,108.0,mg,,,,
Chlorophyta,Cladophora glomerata,108.0,mg,,,,
Chlorophyta,Cladophora glomerata,108.0,mg,,,,
Chlorophyta,Cladophora glomerata,108.0,mg,,,,
Chlorophyta,Cladophora glomerata,108.0,mg,,,,
Chlorophyta,Cladophora glomerata,108.0,mg,,,,
Chlorophyta,Cladophora glomerata,108.0,mg,,,,
Chlorophyta,Cladophora glomerata,108.0,mg,,,,
Chlorophyta,Cladophora glomerata,108.0,mg,,,,
Chlorophyta,Cladophora glomerata,108.0,mg,,,,
Chlorophyta,Cladophora glomerata,108.0,mg,,,,
Chlorophyta,Cladophora glomerata,108.0,mg,,,,
Chlorophyta,Cladophora glomerata,108.0,mg,,,,
Chlorophyta,Cladophora glomerata,108.0,mg,,,,
Chlorophyta,Cladophora glomerata,108.0,mg,,,,
Chlorophyta,Cladophora glomerata,108.0,mg,,,,
Chlorophyta,Cladophora glomerata,108.0,mg,,,,
Chlorophyta,Cladophora glomerata,108.0,mg,,,,
Chlorophyta,Cladophora glomerata,108.0,mg,,,,
Chlorophyta,Cladophora glomerata,108.0,mg,,,,
Chlorophyta,Cladophora glomerata,108.0,mg,,,,
Chlorophyta,Cladophora glomerata,108.0,mg,,,,
Chlorophyta,Cladophora glomerata,108.0,mg,,,,
Chlorophyta,Cladophora glomerata,108.0,mg,,,,
Chlorophyta,Cladophora glomerata,108.0,mg,,,,
Chlorophyta,Cladophora glomerata,108.0,mg,,,,
Chlorophyta,Cladophora glomerata,108.0,mg,,,,
Chlorophyta,Cladophora glomerata,108.0,mg,,,,
Chlorophyta,Cladophora glomerata,108.0,mg,,,,
Chlorophyta,Cladophora glomerata,108.0,mg,,,,
Chlorophyta,Cladophora glomerata,108.0,mg,,,,
Chlorophyta,Cladophora glomerata,108.0,mg,,,,
Chlorophyta,Cladophora glomerata,108.0,mg,,,,
Chlorophyta,Cladophora glomerata,108.0,mg,,,,
Chlorophyta,Cladophora glomerata,108.0,mg,,,,
Chlorophyta,Cladophora glomerata,108.0,mg,,,,
Chlorophyta,Cladophora glomerata,108.0,mg,,,,
Chlorophyta,Cladophora glomerata,108.0,mg,,,,
Chlorophyta,Cladophora glomerata,108.0,mg,,,,
Chlorophyta,Cladophora glomerata,108.0,mg,,,,
Chlorophyta,Cladophora glomerata,108.0,mg,,,,
Chlorophyta,Cladophora glomerata,108.0,mg,,,,
Chlorophyta,Cladophora glomerata,108.0,mg,,,,
Chlorophyta,Cladophora glomerata,108.0,mg,,,,
Chlorophyta,Cladophora glomerata,108.0,mg,,,,
Chlorophyta,Cladophora glomerata,108.0,mg,,,,
Chlorophyta,Cladophora glomerata,108.0,mg,,,,
Chlorophyta,Cladophora glomerata,108.0,mg,,,,
Chlorophyta,Cladophora glomerata,108.0,mg,,,,
Chlorophyta,Cladophora glomerata,108.0,mg,,,,
Chlorophyta,Cladophora glomerata,108.0,mg,,,,
Chlorophyta,Cladophora glomerata,108.0,mg,,,,
Chlorophyta,Cladophora glomerata,108.0,mg,,,,
Chlorophyta,Cladophora glomerata,108.0,mg,,,,
Chlorophyta,Cladophora glomerata,108.0,mg,,,,
Chlorophyta,Cladophora glomerata,108.0,mg,,,,
Chlorophyta,Cladophora glomerata,108.0,mg,,,,
Chlorophyta,Cladophora glomerata,108.0,mg,,,,
Chlorophyta,Cladophora glomerata,108.0,mg,,,,
Chlorophyta,Cladophora glomerata,108.0,mg,,,,
Chlorophyta,Cladophora glomerata,108.0,mg,,,,
Chlorophyta,Cladophora glomerata,108.0,mg,,,,
