index,GenusSpecies,width,length,SizeUnit,Shape,Phylum,Sources,Volume
0,Acetobacterium carbinolicum,0.8,1.5,um,rod,firmucutes,Bergey's Manual of Systematic Bacteriology: Volume 3: The Firmicutes,
0,Acetobacterium carbinolicum,1.0,2.5,um,rod,firmucutes,Bergey's Manual of Systematic Bacteriology: Volume 3: The Firmicutes,
1,Acetobacterium fimetarium,1.1,2.6,um,rod,firmucutes,Bergey's Manual of Systematic Bacteriology: Volume 3: The Firmicutes,
1,Acetobacterium fimetarium,0.8,1.5,um,rod,firmucutes,Bergey's Manual of Systematic Bacteriology: Volume 3: The Firmicutes,
2,Aeribacillus pallidus,0.8,2.0,um,rod,firmucutes,Bergey's Manual of Systematic Bacteriology: Volume 3: The Firmicutes,
2,Aeribacillus pallidus,0.9,5.0,um,rod,firmucutes,Bergey's Manual of Systematic Bacteriology: Volume 3: The Firmicutes,
3,Aeromonas hydrophila,1.0,3.5,um,rod,proteobacteria,https://www.ncbi.nlm.nih.gov/pmc/articles/PMC4255052/,
3,Aeromonas hydrophila,1.0,3.5,um,rod,proteobacteria,https://www.ncbi.nlm.nih.gov/pmc/articles/PMC4255052/,
4,Alkaliphilus transvaalensis,0.4,3.0,um,rod,firmucutes,Bergey's Manual of Systematic Bacteriology: Volume 3: The Firmicutes,
4,Alkaliphilus transvaalensis,0.7,6.0,um,rod,firmucutes,Bergey's Manual of Systematic Bacteriology: Volume 3: The Firmicutes,
9,Aphanizomenon aphanizomenoides,7.0,7.7,um,oval,cyanobacteria,https://www.researchgate.net/publication/266673473_Aphanizomenon_favaloroi_spec_nov_Cyanobacteria_Nostocales_a_new_planktic_species_from_Argentina,
9,Aphanizomenon aphanizomenoides,5.5,6.0,um,oval,cyanobacteria,https://www.researchgate.net/publication/266673473_Aphanizomenon_favaloroi_spec_nov_Cyanobacteria_Nostocales_a_new_planktic_species_from_Argentina,
11,Arthrospira fusiformis,8.9,302.0,um,rod,cyanobacteria,https://www.researchgate.net/publication/233502806_Arthrospira_fusiformis_Voronichin_Komarek_et_Lund_Cyanoprokaryota_-_A_new_species_for_Europe,
11,Arthrospira fusiformis,7.3,113.0,um,rod,cyanobacteria,https://www.researchgate.net/publication/233502806_Arthrospira_fusiformis_Voronichin_Komarek_et_Lund_Cyanoprokaryota_-_A_new_species_for_Europe,
13,Bacillus infernus,0.8,8.0,um,rod,firmucutes,"Bergey's Manual of Systematic Bacteriology: Volume 3: The Firmicutes, pg.106",
13,Bacillus infernus,0.7,4.0,um,rod,firmucutes,"Bergey's Manual of Systematic Bacteriology: Volume 3: The Firmicutes, pg.106",
15,Bosea eneae,0.5,1.2,um,rod,proteobacteria,https://books.google.co.uk/books?id=dgejA4wa5R4C&pg=PA710&lpg=PA710&dq=Hydrogenophaga+pseudoflava+cell+size&source=bl&ots=cYZTDQzGbm&sig=5P5ROil4OvMEgQ_cg2UuXk00Vyc&hl=en&sa=X&ved=0ahUKEwid5Ovxl5DbAhXFB8AKHUlzAkkQ6AEIVDAH#v=onepage&q=Bosea%20eneae&f=false,
15,Bosea eneae,0.9,3.0,um,rod,proteobacteria,https://books.google.co.uk/books?id=dgejA4wa5R4C&pg=PA710&lpg=PA710&dq=Hydrogenophaga+pseudoflava+cell+size&source=bl&ots=cYZTDQzGbm&sig=5P5ROil4OvMEgQ_cg2UuXk00Vyc&hl=en&sa=X&ved=0ahUKEwid5Ovxl5DbAhXFB8AKHUlzAkkQ6AEIVDAH#v=onepage&q=Bosea%20eneae&f=false,
16,Brochothrix thermosphacta,0.6,1.0,um,rod,firmucutes,Bergey's Manual of Systematic Bacteriology: Volume 3: The Firmicutes,
16,Brochothrix thermosphacta,0.75,2.0,um,rod,firmucutes,Bergey's Manual of Systematic Bacteriology: Volume 3: The Firmicutes,
17,Caldanaerobacter subterraneus,0.5,2.0,um,rod,firmucutes,"Bergey's Manual of Systematic Bacteriology: Volume 3: The Firmicutes, pg.1243",
17,Caldanaerobacter subterraneus,0.7,8.0,um,rod,firmucutes,"Bergey's Manual of Systematic Bacteriology: Volume 3: The Firmicutes, pg.1243",
18,Caldicellulosiruptor obsidiansis,0.2,2.0,um,rod,firmucutes,https://www.ncbi.nlm.nih.gov/pubmed/20023107,
18,Caldicellulosiruptor obsidiansis,0.2,2.0,um,rod,firmucutes,https://www.ncbi.nlm.nih.gov/pubmed/20023107,
19,Caloramator fervidus,0.65,2.0,um,rod,firmucutes,Bergey's Manual of Systematic Bacteriology: Volume 3: The Firmicutes,
19,Caloramator fervidus,0.75,2.5,um,rod,firmucutes,Bergey's Manual of Systematic Bacteriology: Volume 3: The Firmicutes,
20,Caloramator indicus,0.8,100.0,um,rod,firmucutes,Bergey's Manual of Systematic Bacteriology: Volume 3: The Firmicutes,
20,Caloramator indicus,0.6,10.0,um,rod,firmucutes,Bergey's Manual of Systematic Bacteriology: Volume 3: The Firmicutes,
21,Clostridium perfringens,0.6,1.3,um,rod,firmucutes,Bergey's Manual of Systematic Bacteriology: Volume 3: The Firmicutes,
21,Clostridium perfringens,2.4,19.0,um,rod,firmucutes,Bergey's Manual of Systematic Bacteriology: Volume 3: The Firmicutes,
22,Colwellia demingiae,0.4,1.5,um,rod,proteobacteria,https://books.google.co.uk/books?id=5zSYmcq0GdgC&pg=PA453&lpg=PA453&dq=Colwellia+demingiae+cell+size&source=bl&ots=fke1PEk0Jq&sig=GCks8dltnn04MME18nQ_l3xBObk&hl=en&sa=X&ved=0ahUKEwifxNvxyorbAhUqJMAKHRfjClAQ6AEITzAF#v=onepage&q=Colwellia%20demingiae%20cell%20size&f=false,
22,Colwellia demingiae,0.6,4.5,um,rod,proteobacteria,https://books.google.co.uk/books?id=5zSYmcq0GdgC&pg=PA453&lpg=PA453&dq=Colwellia+demingiae+cell+size&source=bl&ots=fke1PEk0Jq&sig=GCks8dltnn04MME18nQ_l3xBObk&hl=en&sa=X&ved=0ahUKEwifxNvxyorbAhUqJMAKHRfjClAQ6AEITzAF#v=onepage&q=Colwellia%20demingiae%20cell%20size&f=false,
23,Colwellia hornerae,0.8,3.0,um,rod,proteobacteria,https://books.google.co.uk/books?id=5zSYmcq0GdgC&pg=PA453&lpg=PA453&dq=Colwellia+demingiae+cell+size&source=bl&ots=fke1PEk0Jq&sig=GCks8dltnn04MME18nQ_l3xBObk&hl=en&sa=X&ved=0ahUKEwifxNvxyorbAhUqJMAKHRfjClAQ6AEITzAF#v=onepage&q=Colwellia%20demingiae%20cell%20size&f=false,
23,Colwellia hornerae,0.4,1.5,um,rod,proteobacteria,https://books.google.co.uk/books?id=5zSYmcq0GdgC&pg=PA453&lpg=PA453&dq=Colwellia+demingiae+cell+size&source=bl&ots=fke1PEk0Jq&sig=GCks8dltnn04MME18nQ_l3xBObk&hl=en&sa=X&ved=0ahUKEwifxNvxyorbAhUqJMAKHRfjClAQ6AEITzAF#v=onepage&q=Colwellia%20demingiae%20cell%20size&f=false,
24,Colwellia psychrerythraea,0.5,2.5,um,rod,proteobacteria,https://books.google.co.uk/books?id=5zSYmcq0GdgC&pg=PA453&lpg=PA453&dq=Colwellia+demingiae+cell+size&source=bl&ots=fke1PEk0Jq&sig=GCks8dltnn04MME18nQ_l3xBObk&hl=en&sa=X&ved=0ahUKEwifxNvxyorbAhUqJMAKHRfjClAQ6AEITzAF#v=onepage&q=Colwellia%20demingiae%20cell%20size&f=false,
24,Colwellia psychrerythraea,0.5,3.5,um,rod,proteobacteria,https://books.google.co.uk/books?id=5zSYmcq0GdgC&pg=PA453&lpg=PA453&dq=Colwellia+demingiae+cell+size&source=bl&ots=fke1PEk0Jq&sig=GCks8dltnn04MME18nQ_l3xBObk&hl=en&sa=X&ved=0ahUKEwifxNvxyorbAhUqJMAKHRfjClAQ6AEITzAF#v=onepage&q=Colwellia%20demingiae%20cell%20size&f=false,
25,Colwellia psychrotropica,0.8,3.0,um,rod,proteobacteria,https://books.google.co.uk/books?id=5zSYmcq0GdgC&pg=PA453&lpg=PA453&dq=Colwellia+demingiae+cell+size&source=bl&ots=fke1PEk0Jq&sig=GCks8dltnn04MME18nQ_l3xBObk&hl=en&sa=X&ved=0ahUKEwifxNvxyorbAhUqJMAKHRfjClAQ6AEITzAF#v=onepage&q=Colwellia%20demingiae%20cell%20size&f=false,
25,Colwellia psychrotropica,0.4,1.5,um,rod,proteobacteria,https://books.google.co.uk/books?id=5zSYmcq0GdgC&pg=PA453&lpg=PA453&dq=Colwellia+demingiae+cell+size&source=bl&ots=fke1PEk0Jq&sig=GCks8dltnn04MME18nQ_l3xBObk&hl=en&sa=X&ved=0ahUKEwifxNvxyorbAhUqJMAKHRfjClAQ6AEITzAF#v=onepage&q=Colwellia%20demingiae%20cell%20size&f=false,
27,Deferribacter thermophilus,0.3,1.0,um,rod,Deferribacteres,http://ijs.microbiologyresearch.org/content/journal/ijsem/10.1099/00207713-47-2-505,
27,Deferribacter thermophilus,0.5,5.0,um,rod,Deferribacteres,http://ijs.microbiologyresearch.org/content/journal/ijsem/10.1099/00207713-47-2-505,
28,Deinococcus geothermalis,2.0,,um,Spherical,Deinococcus-Thermus,https://www.ncbi.nlm.nih.gov/pmc/articles/PMC5023248/,4.18879020479
28,Deinococcus geothermalis,1.5,,um,Spherical,Deinococcus-Thermus,https://www.ncbi.nlm.nih.gov/pmc/articles/PMC5023248/,1.76714586764
29,Deinococcus murrayi,2.0,,um,Spherical,Deinococcus-Thermus,https://books.google.co.uk/books?id=3znhBwAAQBAJ&pg=PA370&lpg=PA370&dq=thermotogaceae+cell+size&source=bl&ots=iAqIJx8wC_&sig=PVgY-4Ga0mAJzpzmsQnfUfXkjEU&hl=en&sa=X&ved=0ahUKEwjEoreSxorbAhXILsAKHaPCA88Q6AEIMjAC#v=snippet&q=Deinococcus%20geothermalis&f=false,4.18879020479
29,Deinococcus murrayi,1.2,,um,Spherical,Deinococcus-Thermus,https://books.google.co.uk/books?id=3znhBwAAQBAJ&pg=PA370&lpg=PA370&dq=thermotogaceae+cell+size&source=bl&ots=iAqIJx8wC_&sig=PVgY-4Ga0mAJzpzmsQnfUfXkjEU&hl=en&sa=X&ved=0ahUKEwjEoreSxorbAhXILsAKHaPCA88Q6AEIMjAC#v=snippet&q=Deinococcus%20geothermalis&f=false,0.904778684234
30,Desulfobacter curvatus,0.5,1.7,um,rod,proteobacteria,https://link.springer.com/content/pdf/10.1007%2FBF00456706.pdf,
30,Desulfobacter curvatus,1.0,3.5,um,rod,proteobacteria,https://link.springer.com/content/pdf/10.1007%2FBF00456706.pdf,
31,Desulfofaba gelida,3.1,6.2,um,rod,proteobacteria,https://books.google.co.uk/books?id=dgejA4wa5R4C&pg=PA324&dq=Rhizobiales&hl=en&sa=X&ved=0ahUKEwiW9_PajpDbAhXmLcAKHcd4DjgQ6AEIMTAB#v=snippet&q=Desulfofaba%20gelida&f=false,
31,Desulfofaba gelida,3.1,5.4,um,rod,proteobacteria,https://books.google.co.uk/books?id=dgejA4wa5R4C&pg=PA324&dq=Rhizobiales&hl=en&sa=X&ved=0ahUKEwiW9_PajpDbAhXmLcAKHcd4DjgQ6AEIMTAB#v=snippet&q=Desulfofaba%20gelida&f=false,
32,Desulfofrigus fragile,0.8,3.2,um,rod,proteobacteria,https://books.google.co.uk/books?id=9cwgo-9IyTUC&pg=PA977&lpg=PA977&dq=Desulfofrigus+oceanense+cell+size&source=bl&ots=lTtbfougYA&sig=4rpA3CrTU5e2uXVWlwzPw1h9H54&hl=en&sa=X&ved=0ahUKEwj46PvYz5bbAhVDxRQKHf4wD-sQ6AEIMzAC#v=onepage&q=Desulfofrigus%20oceanense%20cell%20size&f=false,
32,Desulfofrigus fragile,0.8,4.2,um,rod,proteobacteria,https://books.google.co.uk/books?id=9cwgo-9IyTUC&pg=PA977&lpg=PA977&dq=Desulfofrigus+oceanense+cell+size&source=bl&ots=lTtbfougYA&sig=4rpA3CrTU5e2uXVWlwzPw1h9H54&hl=en&sa=X&ved=0ahUKEwj46PvYz5bbAhVDxRQKHf4wD-sQ6AEIMzAC#v=onepage&q=Desulfofrigus%20oceanense%20cell%20size&f=false,
33,Desulfofrigus oceanense,2.1,6.1,um,rod,proteobacteria,https://books.google.co.uk/books?id=9cwgo-9IyTUC&pg=PA977&lpg=PA977&dq=Desulfofrigus+oceanense+cell+size&source=bl&ots=lTtbfougYA&sig=4rpA3CrTU5e2uXVWlwzPw1h9H54&hl=en&sa=X&ved=0ahUKEwj46PvYz5bbAhVDxRQKHf4wD-sQ6AEIMzAC#v=onepage&q=Desulfofrigus%20oceanense%20cell%20size&f=false,
33,Desulfofrigus oceanense,2.1,4.2,um,rod,proteobacteria,https://books.google.co.uk/books?id=9cwgo-9IyTUC&pg=PA977&lpg=PA977&dq=Desulfofrigus+oceanense+cell+size&source=bl&ots=lTtbfougYA&sig=4rpA3CrTU5e2uXVWlwzPw1h9H54&hl=en&sa=X&ved=0ahUKEwj46PvYz5bbAhVDxRQKHf4wD-sQ6AEIMzAC#v=onepage&q=Desulfofrigus%20oceanense%20cell%20size&f=false,
34,Desulforhopalus vacuolatus,1.5,3.0,um,rod,proteobacteria,https://www.researchgate.net/publication/225671825_Desulforpalus_vacuolatus_gen_nov_sp_nov_a_new_moderately_psychrophilic_sulfate-reducing_bacterium_with_gas_vacuoles_isolated_from_a_temperate_estuary,
34,Desulforhopalus vacuolatus,1.8,5.0,um,rod,proteobacteria,https://www.researchgate.net/publication/225671825_Desulforpalus_vacuolatus_gen_nov_sp_nov_a_new_moderately_psychrophilic_sulfate-reducing_bacterium_with_gas_vacuoles_isolated_from_a_temperate_estuary,
35,Desulfotalea arctica,0.7,1.6,um,rod,proteobacteria,https://bacdive.dsmz.de/search?search=Desulfotalea+arctica&submit=search,
35,Desulfotalea arctica,0.7,2.7,um,rod,proteobacteria,https://bacdive.dsmz.de/search?search=Desulfotalea+arctica&submit=search,
36,Desulfotalea psychrophila,0.6,4.5,um,rod,proteobacteria,https://bacdive.dsmz.de/search?search=Desulfotalea+psychrophila&submit=search,
36,Desulfotalea psychrophila,0.6,7.4,um,rod,proteobacteria,https://bacdive.dsmz.de/search?search=Desulfotalea+psychrophila&submit=search,
37,Desulfotomaculum putei,1.0,2.0,um,oval,firmucutes,Bergey's Manual of Systematic Bacteriology: Volume 3: The Firmicutes,
37,Desulfotomaculum putei,1.1,5.0,um,oval,firmucutes,Bergey's Manual of Systematic Bacteriology: Volume 3: The Firmicutes,
38,Desulfuromonas michiganensis,0.4,0.8,um,rod,proteobacteria,http://www.microbiologyresearch.org/docserver/fulltext/ijsem/65/5/1686_ijs000159.pdf?expires=1526902904&id=id&accname=guest&checksum=44CE48144AF9CF34C5D264FA58575AB5,
38,Desulfuromonas michiganensis,0.5,1.4,um,rod,proteobacteria,http://www.microbiologyresearch.org/docserver/fulltext/ijsem/65/5/1686_ijs000159.pdf?expires=1526902904&id=id&accname=guest&checksum=44CE48144AF9CF34C5D264FA58575AB5,
42,Geobacillus caldotenax,0.5,5.0,um,oval,firmucutes,Bergey's Manual of Systematic Bacteriology: Volume 3: The Firmicutes,
42,Geobacillus caldotenax,0.5,3.0,um,oval,firmucutes,Bergey's Manual of Systematic Bacteriology: Volume 3: The Firmicutes,
43,Geobacillus stearothermophilus,1.0,3.5,um,rod,firmucutes,Bergey's Manual of Systematic Bacteriology: Volume 3: The Firmicutes,
43,Geobacillus stearothermophilus,0.6,2.0,um,rod,firmucutes,Bergey's Manual of Systematic Bacteriology: Volume 3: The Firmicutes,
44,Glaciecola punicea,0.4,5.0,um,rod,proteobacteria,http://www.microbiologyresearch.org/docserver/fulltext/ijsem/48/4/ijs-48-4-1213.pdf?expires=1526915961&id=id&accname=guest&checksum=088CF97C1DF83E51FD1BE8ED3B8D2D3D,
44,Glaciecola punicea,0.2,1.0,um,rod,proteobacteria,http://www.microbiologyresearch.org/docserver/fulltext/ijsem/48/4/ijs-48-4-1213.pdf?expires=1526915961&id=id&accname=guest&checksum=088CF97C1DF83E51FD1BE8ED3B8D2D3D,
45,Halanaerobium alcaliphilum,0.8,5.0,um,rod,firmucutes,"Bergey's Manual of Systematic Bacteriology: Volume 3: The Firmicutes, pg.1198",
45,Halanaerobium alcaliphilum,0.8,3.3,um,rod,firmucutes,"Bergey's Manual of Systematic Bacteriology: Volume 3: The Firmicutes, pg.1198",
46,Halanaerobium lacusrosei,0.6,3.0,um,rod,firmucutes,"Bergey's Manual of Systematic Bacteriology: Volume 3: The Firmicutes, pg.1200",
46,Halanaerobium lacusrosei,0.4,2.0,um,rod,firmucutes,"Bergey's Manual of Systematic Bacteriology: Volume 3: The Firmicutes, pg.1200",
47,Halomonas campisalis,1.0,3.0,um,rod,proteobacteria,https://www.ncbi.nlm.nih.gov/pubmed/10794143,
47,Halomonas campisalis,1.0,5.0,um,rod,proteobacteria,https://www.ncbi.nlm.nih.gov/pubmed/10794143,
48,Halomonas elongata,1.0,3.0,um,rod,proteobacteria,http://www.microbiologyresearch.org/docserver/fulltext/ijsem/51/4/0511457a.pdf?expires=1526917758&id=id&accname=guest&checksum=88E8DCDABD428EA0F6249F0404341F87,
48,Halomonas elongata,0.7,2.0,um,rod,proteobacteria,http://www.microbiologyresearch.org/docserver/fulltext/ijsem/51/4/0511457a.pdf?expires=1526917758&id=id&accname=guest&checksum=88E8DCDABD428EA0F6249F0404341F87,
50,Halomonas subglaciescola,1.1,56.5,um,rod,proteobacteria,http://www.microbiologyresearch.org/docserver/fulltext/ijsem/37/1/ijs-37-1-27.pdf?expires=1526918345&id=id&accname=guest&checksum=BCFA940E8C9D2267ACB4B0C4DE28C1DA,
50,Halomonas subglaciescola,0.5,1.1,um,rod,proteobacteria,http://www.microbiologyresearch.org/docserver/fulltext/ijsem/37/1/ijs-37-1-27.pdf?expires=1526918345&id=id&accname=guest&checksum=BCFA940E8C9D2267ACB4B0C4DE28C1DA,
51,Halonatronum saccharophilum,0.6,10.0,um,rod,firmucutes,Bergey's Manual of Systematic Bacteriology: Volume 3: The Firmicutes,
51,Halonatronum saccharophilum,0.4,3.5,um,rod,firmucutes,Bergey's Manual of Systematic Bacteriology: Volume 3: The Firmicutes,
52,Hydrogenophaga pseudoflava,0.6,5.5,um,rod,proteobacteria,https://www.ncbi.nlm.nih.gov/pmc/articles/PMC2812990/,
52,Hydrogenophaga pseudoflava,0.3,0.6,um,rod,proteobacteria,https://www.ncbi.nlm.nih.gov/pmc/articles/PMC2812990/,
53,Isosphaera pallida,2.5,,um,Spherical,Planctomycetes,https://link.springer.com/article/10.1007/BF00463488,8.18123086872
53,Isosphaera pallida,3.0,,um,Spherical,Planctomycetes,https://link.springer.com/article/10.1007/BF00463488,14.1371669412
54,Klebsiella oxytoca,0.3,0.6,um,rod,proteobacteria,http://www.vetbact.org/index.php?artid=156,
54,Klebsiella oxytoca,1.0,6.0,um,rod,proteobacteria,http://www.vetbact.org/index.php?artid=156,
55,Lactobacillus acidophilus,0.6,1.5,um,rod,firmucutes,https://books.google.co.uk/books?id=0-VqgLiCPFcC&pg=PA500&dq=Lactobacillus+acidophilus+cell+diameter&hl=en&sa=X&ved=0ahUKEwjr5JO5t4rbAhUSe8AKHc_xDKoQ6AEITzAI#v=snippet&q=L.acidophilus%20&f=false,
55,Lactobacillus acidophilus,0.9,6.0,um,rod,firmucutes,https://books.google.co.uk/books?id=0-VqgLiCPFcC&pg=PA500&dq=Lactobacillus+acidophilus+cell+diameter&hl=en&sa=X&ved=0ahUKEwjr5JO5t4rbAhUSe8AKHc_xDKoQ6AEITzAI#v=snippet&q=L.acidophilus%20&f=false,
56,Lactobacillus delbrueckii,0.5,2.0,um,rod,firmucutes,https://hal.archives-ouvertes.fr/hal-00929612/document,
56,Lactobacillus delbrueckii,0.8,9.0,um,rod,firmucutes,https://hal.archives-ouvertes.fr/hal-00929612/document,
57,Lactobacillus paracasei,0.8,2.0,um,rod,firmucutes,"Bergey's Manual of Systematic Bacteriology: Volume 3: The Firmicutes, pg.504",
57,Lactobacillus paracasei,1.0,4.0,um,rod,firmucutes,"Bergey's Manual of Systematic Bacteriology: Volume 3: The Firmicutes, pg.504",
58,Lactobacillus rhamnosus,0.8,2.0,um,rod,firmucutes,Bergey's Manual of Systematic Bacteriology: Volume 3: The Firmicutes,
58,Lactobacillus rhamnosus,1.0,4.0,um,rod,firmucutes,Bergey's Manual of Systematic Bacteriology: Volume 3: The Firmicutes,
60,Lactococcus piscium,0.5,,um,Spherical,firmucutes,https://onlinelibrary.wiley.com/doi/pdf/10.1111/jam.13179,0.0654498469498
60,Lactococcus piscium,1.0,,um,Spherical,firmucutes,https://onlinelibrary.wiley.com/doi/pdf/10.1111/jam.13179,0.523598775598
61,Listeria monocytogenes,0.5,2.0,um,rod,firmucutes,Bergey's Manual of Systematic Bacteriology: Volume 3: The Firmicutes,
61,Listeria monocytogenes,0.4,0.5,um,rod,firmucutes,Bergey's Manual of Systematic Bacteriology: Volume 3: The Firmicutes,
62,Marinithermus hydrothermalis,0.9,7.5,um,rod,Deinococcus-Thermus,http://www.microbiologyresearch.org/docserver/fulltext/ijsem/53/1/59.pdf?expires=1526922495&id=id&accname=guest&checksum=E4691D32D2EA9A09BB04138504F6D456,
62,Marinithermus hydrothermalis,1.0,9.4,um,rod,Deinococcus-Thermus,http://www.microbiologyresearch.org/docserver/fulltext/ijsem/53/1/59.pdf?expires=1526922495&id=id&accname=guest&checksum=E4691D32D2EA9A09BB04138504F6D456,
63,Marinitoga piezophila,0.5,1.0,um,rod,Thermotogae,https://www.ncbi.nlm.nih.gov/pubmed/12148648,
63,Marinitoga piezophila,0.5,1.5,um,rod,Thermotogae,https://www.ncbi.nlm.nih.gov/pubmed/12148648,
64,Marinobacter alkaliphilus,0.3,2.0,um,rod,proteobacteria,https://www.researchgate.net/publication/8388977_Marinobacter_alkaliphilus_sp_nov_a_novel_alkaliphilic_bacterium_isolated_from_subseafloor_alkaline_serpentine_mud_from_Ocean_Drilling_Program_Site_1200_at_South_Chamorro_Seamount_Mariana_Forearc,
64,Marinobacter alkaliphilus,0.8,5.0,um,rod,proteobacteria,https://www.researchgate.net/publication/8388977_Marinobacter_alkaliphilus_sp_nov_a_novel_alkaliphilic_bacterium_isolated_from_subseafloor_alkaline_serpentine_mud_from_Ocean_Drilling_Program_Site_1200_at_South_Chamorro_Seamount_Mariana_Forearc,
65,Mastigocladus laminosus,2.0,11.0,mm,rod,cyanobacteria,https://academic.oup.com/femsle/article/364/15/fnx154/3983256,
65,Mastigocladus laminosus,1.5,8.0,mm,rod,cyanobacteria,https://academic.oup.com/femsle/article/364/15/fnx154/3983256,
66,Meiothermus chliarophilus,0.8,10.0,um,rod,Deinococcus-Thermus,https://onlinelibrary.wiley.com/doi/full/10.1111/j.1574-6968.2002.tb11445.x,
66,Meiothermus chliarophilus,0.5,1.7,um,rod,Deinococcus-Thermus,https://onlinelibrary.wiley.com/doi/full/10.1111/j.1574-6968.2002.tb11445.x,
71,Microcystis ichthyoblabe,3.0,,um,Spherical,,http://www.microbiologyresearch.org/docserver/fulltext/ijsem/50/2/0500767a.pdf?expires=1526386385&id=id&accname=guest&checksum=D6D463D904C41C12E91EDE3C839CD10D,14.1371669412
71,Microcystis ichthyoblabe,2.0,,um,Spherical,,http://www.microbiologyresearch.org/docserver/fulltext/ijsem/50/2/0500767a.pdf?expires=1526386385&id=id&accname=guest&checksum=D6D463D904C41C12E91EDE3C839CD10D,4.18879020479
72,Moritella abyssi,1.2,7.0,um,rod,proteobacteria,http://www.microbiologyresearch.org/docserver/fulltext/ijsem/53/2/533.pdf?expires=1526923609&id=id&accname=guest&checksum=0A81172A69073197CC23FFE176BBC42C,
72,Moritella abyssi,0.8,2.0,um,rod,proteobacteria,http://www.microbiologyresearch.org/docserver/fulltext/ijsem/53/2/533.pdf?expires=1526923609&id=id&accname=guest&checksum=0A81172A69073197CC23FFE176BBC42C,
73,Moritella profunda,1.2,5.0,um,rod,proteobacteria,http://www.microbiologyresearch.org/docserver/fulltext/ijsem/53/2/533.pdf?expires=1526923609&id=id&accname=guest&checksum=0A81172A69073197CC23FFE176BBC42C,
73,Moritella profunda,0.9,1.5,um,rod,proteobacteria,http://www.microbiologyresearch.org/docserver/fulltext/ijsem/53/2/533.pdf?expires=1526923609&id=id&accname=guest&checksum=0A81172A69073197CC23FFE176BBC42C,
74,Pelotomaculum thermopropionicum,0.8,2.8,um,rod,firmucutes,Bergey's Manual of Systematic Bacteriology: Volume 3: The Firmicutes,
74,Pelotomaculum thermopropionicum,0.7,1.7,um,rod,firmucutes,Bergey's Manual of Systematic Bacteriology: Volume 3: The Firmicutes,
75,Persephonella guaymasensis,0.3,2.0,um,rod,Aquificae,http://ijs.microbiologyresearch.org/content/journal/ijsem/10.1099/00207713-52-4-1349#tab2,
75,Persephonella guaymasensis,0.4,4.0,um,rod,Aquificae,http://ijs.microbiologyresearch.org/content/journal/ijsem/10.1099/00207713-52-4-1349#tab2,
76,Persephonella marina,0.3,2.0,um,rod,Aquificae,http://ijs.microbiologyresearch.org/content/journal/ijsem/10.1099/00207713-52-4-1349#tab2,
76,Persephonella marina,0.4,4.0,um,rod,Aquificae,http://ijs.microbiologyresearch.org/content/journal/ijsem/10.1099/00207713-52-4-1349#tab2,
79,Profundimonas piezophila,0.5,4.0,um,rod,proteobacteria,http://aem.asm.org/content/80/1/54.full,
79,Profundimonas piezophila,0.8,5.0,um,rod,proteobacteria,http://aem.asm.org/content/80/1/54.full,
80,Pseudoalteromonas antarctica,0.9,3.0,um,rod,proteobacteria,http://www.microbiologyresearch.org/docserver/fulltext/ijsem/47/2/ijs-47-2-345.pdf?expires=1526924343&id=id&accname=guest&checksum=FF1A3F36005B016E92C7B9740F808F9A,
80,Pseudoalteromonas antarctica,0.3,1.0,um,rod,proteobacteria,http://www.microbiologyresearch.org/docserver/fulltext/ijsem/47/2/ijs-47-2-345.pdf?expires=1526924343&id=id&accname=guest&checksum=FF1A3F36005B016E92C7B9740F808F9A,
85,Pseudothermotoga lettingae,0.5,1.5,um,rod,Thermotogae,https://books.google.co.uk/books?id=3znhBwAAQBAJ&pg=PA370&lpg=PA370&dq=thermotogaceae+cell+size&source=bl&ots=iAqIJx8wC_&sig=PVgY-4Ga0mAJzpzmsQnfUfXkjEU&hl=en&sa=X&ved=0ahUKEwjEoreSxorbAhXILsAKHaPCA88Q6AEIMjAC#v=onepage&q=thermotogaceae%20cell%20size&f=false,
85,Pseudothermotoga lettingae,1.0,11.0,um,rod,Thermotogae,https://books.google.co.uk/books?id=3znhBwAAQBAJ&pg=PA370&lpg=PA370&dq=thermotogaceae+cell+size&source=bl&ots=iAqIJx8wC_&sig=PVgY-4Ga0mAJzpzmsQnfUfXkjEU&hl=en&sa=X&ved=0ahUKEwjEoreSxorbAhXILsAKHaPCA88Q6AEIMjAC#v=onepage&q=thermotogaceae%20cell%20size&f=false,
86,Pseudoxanthomonas broegbernensis,0.6,2.0,um,rod,proteobacteria,https://books.google.co.uk/books?id=5zSYmcq0GdgC&pg=PA453&lpg=PA453&dq=Colwellia+demingiae+cell+size&source=bl&ots=fke1PEk0Jq&sig=GCks8dltnn04MME18nQ_l3xBObk&hl=en&sa=X&ved=0ahUKEwifxNvxyorbAhUqJMAKHRfjClAQ6AEITzAF#v=onepage&q=Xanthomonadaceae&f=false,
86,Pseudoxanthomonas broegbernensis,0.4,0.8,um,rod,proteobacteria,https://books.google.co.uk/books?id=5zSYmcq0GdgC&pg=PA453&lpg=PA453&dq=Colwellia+demingiae+cell+size&source=bl&ots=fke1PEk0Jq&sig=GCks8dltnn04MME18nQ_l3xBObk&hl=en&sa=X&ved=0ahUKEwifxNvxyorbAhUqJMAKHRfjClAQ6AEITzAF#v=onepage&q=Xanthomonadaceae&f=false,
87,Pseudoxanthomonas taiwanensis,0.4,0.8,um,rod,proteobacteria,https://books.google.co.uk/books?id=5zSYmcq0GdgC&pg=PA453&lpg=PA453&dq=Colwellia+demingiae+cell+size&source=bl&ots=fke1PEk0Jq&sig=GCks8dltnn04MME18nQ_l3xBObk&hl=en&sa=X&ved=0ahUKEwifxNvxyorbAhUqJMAKHRfjClAQ6AEITzAF#v=onepage&q=Xanthomonadaceae&f=false,
87,Pseudoxanthomonas taiwanensis,0.6,2.0,um,rod,proteobacteria,https://books.google.co.uk/books?id=5zSYmcq0GdgC&pg=PA453&lpg=PA453&dq=Colwellia+demingiae+cell+size&source=bl&ots=fke1PEk0Jq&sig=GCks8dltnn04MME18nQ_l3xBObk&hl=en&sa=X&ved=0ahUKEwifxNvxyorbAhUqJMAKHRfjClAQ6AEITzAF#v=onepage&q=Xanthomonadaceae&f=false,
89,Psychrobacter muriicola,1.0,2.0,um,rod,proteobacteria,http://cryosol.ru/images/stuff/liza/shcherb-2009.pdf,
89,Psychrobacter muriicola,0.5,0.5,um,rod,proteobacteria,http://cryosol.ru/images/stuff/liza/shcherb-2009.pdf,
90,Psychroflexus torquis,0.4,0.5,um,rod,bacteroidetes,https://books.google.co.uk/books?id=0kghF7qBE98C&pg=PA258&lpg=PA258&dq=Psychroflexus+torquis+cell+size&source=bl&ots=Rkp9HzNY4S&sig=oi1y7rL_0PSrFXxrPvXfR8KnvhU&hl=en&sa=X&ved=0ahUKEwjggeHa04rbAhVKAsAKHWyXAgw4ChDoAQgtMAE#v=onepage&q=Psychroflexus%20torquis%20cell%20size&f=false,
90,Psychroflexus torquis,1.5,3.0,um,rod,bacteroidetes,https://books.google.co.uk/books?id=0kghF7qBE98C&pg=PA258&lpg=PA258&dq=Psychroflexus+torquis+cell+size&source=bl&ots=Rkp9HzNY4S&sig=oi1y7rL_0PSrFXxrPvXfR8KnvhU&hl=en&sa=X&ved=0ahUKEwjggeHa04rbAhVKAsAKHWyXAgw4ChDoAQgtMAE#v=onepage&q=Psychroflexus%20torquis%20cell%20size&f=false,
92,Rubrobacter radiotolerans,1.0,4.0,um,rod,Actinobacteria,https://books.google.co.uk/books?id=66UMS7A2KisC&pg=PA2006&lpg=PA2006&dq=Rubrobacter+xylanophilus+cell+volume&source=bl&ots=_8IUoOsVAb&sig=ISGSN_kQXz9eLGaLTAua_OkTDaI&hl=en&sa=X&ved=0ahUKEwij1MrJ1YrbAhUJXMAKHdoNCm84ChDoAQgvMAE#v=onepage&q=Rubrobacter%20xylanophilus%20cell%20volume&f=false,
92,Rubrobacter radiotolerans,0.8,1.0,um,rod,Actinobacteria,https://books.google.co.uk/books?id=66UMS7A2KisC&pg=PA2006&lpg=PA2006&dq=Rubrobacter+xylanophilus+cell+volume&source=bl&ots=_8IUoOsVAb&sig=ISGSN_kQXz9eLGaLTAua_OkTDaI&hl=en&sa=X&ved=0ahUKEwij1MrJ1YrbAhUJXMAKHdoNCm84ChDoAQgvMAE#v=onepage&q=Rubrobacter%20xylanophilus%20cell%20volume&f=false,
93,Rubrobacter xylanophilus,1.0,3.0,um,rod,Actinobacteria,https://books.google.co.uk/books?id=66UMS7A2KisC&pg=PA2006&lpg=PA2006&dq=Rubrobacter+xylanophilus+cell+volume&source=bl&ots=_8IUoOsVAb&sig=ISGSN_kQXz9eLGaLTAua_OkTDaI&hl=en&sa=X&ved=0ahUKEwij1MrJ1YrbAhUJXMAKHdoNCm84ChDoAQgvMAE#v=onepage&q=Rubrobacter%20xylanophilus%20cell%20volume&f=false,
93,Rubrobacter xylanophilus,0.9,1.0,um,rod,Actinobacteria,https://books.google.co.uk/books?id=66UMS7A2KisC&pg=PA2006&lpg=PA2006&dq=Rubrobacter+xylanophilus+cell+volume&source=bl&ots=_8IUoOsVAb&sig=ISGSN_kQXz9eLGaLTAua_OkTDaI&hl=en&sa=X&ved=0ahUKEwij1MrJ1YrbAhUJXMAKHdoNCm84ChDoAQgvMAE#v=onepage&q=Rubrobacter%20xylanophilus%20cell%20volume&f=false,
95,Shewanella gelidimarina,0.8,2.5,um,rod,proteobacteria,http://www.microbiologyresearch.org/docserver/fulltext/ijsem/47/4/ijs-47-4-1040.pdf?expires=1526993475&id=id&accname=guest&checksum=C762647EEFD31431F488074CDAC07BB4,
95,Shewanella gelidimarina,0.5,1.5,um,rod,proteobacteria,http://www.microbiologyresearch.org/docserver/fulltext/ijsem/47/4/ijs-47-4-1040.pdf?expires=1526993475&id=id&accname=guest&checksum=C762647EEFD31431F488074CDAC07BB4,
96,Sphaerospermopsis aphanizomenoides,3.5,4.4,um,cylindrical,cyanobacteria,https://www.researchgate.net/publication/283282292_Morphological_and_ecological_characteristics_of_potentially_toxic_invasive_cyanobacterium_Sphaerospermopsis_aphanizomenoides_Forti_Zapomelova_Jezberova_Hrouzek_Hisem_Rehakova_Komarkova_Nostocales_Cyan,12.0951317163
96,Sphaerospermopsis aphanizomenoides,4.1,5.1,um,cylindrical,cyanobacteria,https://www.researchgate.net/publication/283282292_Morphological_and_ecological_characteristics_of_potentially_toxic_invasive_cyanobacterium_Sphaerospermopsis_aphanizomenoides_Forti_Zapomelova_Jezberova_Hrouzek_Hisem_Rehakova_Komarkova_Nostocales_Cyan,16.4226755966
97,Spirulina platensis,10.0,100.0,um,rod,cyanobacteria,http://www.scielo.br/pdf/cta/v33s1/v33s1a26.pdf,
97,Spirulina platensis,10.0,10.0,um,rod,cyanobacteria,http://www.scielo.br/pdf/cta/v33s1/v33s1a26.pdf,
99,Staphylococcus xylosus,1.2,,um,Spherical,firmucutes,Bergey's Manual of Systematic Bacteriology: Volume 3: The Firmicutes,0.904778684234
99,Staphylococcus xylosus,0.8,,um,Spherical,firmucutes,Bergey's Manual of Systematic Bacteriology: Volume 3: The Firmicutes,0.268082573106
100,Streptococcus salivarius,1.0,,um,Spherical,firmucutes,https://books.google.co.uk/books?id=hPjpBwAAQBAJ&pg=PA114&dq=S.+salivarius+cell+diameter&hl=en&sa=X&ved=0ahUKEwjC0pCfkYrbAhXqK8AKHcGIB38Q6AEILDAB#v=onepage&q=S.%20salivarius%20cell%20diameter&f=false,0.523598775598
100,Streptococcus salivarius,0.7,,um,Spherical,firmucutes,https://books.google.co.uk/books?id=hPjpBwAAQBAJ&pg=PA114&dq=S.+salivarius+cell+diameter&hl=en&sa=X&ved=0ahUKEwjC0pCfkYrbAhXqK8AKHcGIB38Q6AEILDAB#v=onepage&q=S.%20salivarius%20cell%20diameter&f=false,0.17959438003
102,Sulfobacillus thermotolerans,0.8,1.5,um,rod,firmucutes,"Bergey's Manual of Systematic Bacteriology: Volume 3: The Firmicutes, pg.1184",
102,Sulfobacillus thermotolerans,1.2,4.5,um,rod,firmucutes,"Bergey's Manual of Systematic Bacteriology: Volume 3: The Firmicutes, pg.1184",
103,Sulfurihydrogenibium kristjanssonii,0.5,2.5,um,rod,Aquificae,https://www.researchgate.net/publication/5401401_Sulfurihydrogenibium_kristjanssonii_sp_nov_a_hydrogen-_and_sulfur-oxidizing_thermophile_isolated_from_a_terrestrial_Icelandic_hot_spring,
103,Sulfurihydrogenibium kristjanssonii,0.5,1.5,um,rod,Aquificae,https://www.researchgate.net/publication/5401401_Sulfurihydrogenibium_kristjanssonii_sp_nov_a_hydrogen-_and_sulfur-oxidizing_thermophile_isolated_from_a_terrestrial_Icelandic_hot_spring,
106,Thermacetogenium phaeum,0.7,12.6,um,rod,firmucutes,Bergey's Manual of Systematic Bacteriology: Volume 3: The Firmicutes,
106,Thermacetogenium phaeum,0.4,2.0,um,rod,firmucutes,Bergey's Manual of Systematic Bacteriology: Volume 3: The Firmicutes,
107,Thermoanaerobacter kivui,0.7,3.5,um,rod,firmucutes,Bergey's Manual of Systematic Bacteriology: Volume 3: The Firmicutes,
107,Thermoanaerobacter kivui,0.7,2.0,um,rod,firmucutes,Bergey's Manual of Systematic Bacteriology: Volume 3: The Firmicutes,
108,Thermoanaerobacter kivui,0.8,7.5,um,rod,firmucutes,Bergey's Manual of Systematic Bacteriology: Volume 3: The Firmicutes,
108,Thermoanaerobacter kivui,0.7,5.5,um,rod,firmucutes,Bergey's Manual of Systematic Bacteriology: Volume 3: The Firmicutes,
109,Thermoanaerobacter mathranii,0.7,3.9,um,rod,firmucutes,Bergey's Manual of Systematic Bacteriology: Volume 3: The Firmicutes,
109,Thermoanaerobacter mathranii,0.7,1.8,um,rod,firmucutes,Bergey's Manual of Systematic Bacteriology: Volume 3: The Firmicutes,
110,Thermoanaerobacter siderophilus,0.6,9.0,um,rod,firmucutes,Bergey's Manual of Systematic Bacteriology: Volume 3: The Firmicutes,
110,Thermoanaerobacter siderophilus,0.4,3.5,um,rod,firmucutes,Bergey's Manual of Systematic Bacteriology: Volume 3: The Firmicutes,
111,Thermoanaerobacterium thermosulfurigenes,2.0,20.0,um,rod,firmucutes,Bergey's Manual of Systematic Bacteriology: Volume 3: The Firmicutes,
111,Thermoanaerobacterium thermosulfurigenes,0.5,2.0,um,rod,firmucutes,Bergey's Manual of Systematic Bacteriology: Volume 3: The Firmicutes,
112,Thermosipho japonicus,1.0,10.0,um,rod,Thermotogae,http://www.microbiologyresearch.org/docserver/fulltext/ijsem/24/1/ijs-24-1-102.pdf?expires=1528305850&id=id&accname=guest&checksum=8DC77D535F45C14893CBC3DA8FF46484,
112,Thermosipho japonicus,4.0,40.0,um,rod,Thermotogae,http://www.microbiologyresearch.org/docserver/fulltext/ijsem/24/1/ijs-24-1-102.pdf?expires=1528305850&id=id&accname=guest&checksum=8DC77D535F45C14893CBC3DA8FF46484,
113,Thermus thermophilus,0.5,3.0,um,rod,Deinococcus-Thermus,https://onlinelibrary.wiley.com/doi/pdf/10.1002/9781118960608.gbm00477.pub2,
113,Thermus thermophilus,0.5,3.0,um,rod,Deinococcus-Thermus,https://onlinelibrary.wiley.com/doi/pdf/10.1002/9781118960608.gbm00477.pub2,
115,Trichormus variabilis,7.4,14.8,um,oval,cyanobacteria,http://www.microbiologyresearch.org/docserver/fulltext/ijsem/55/1/11.pdf?expires=1528306749&id=id&accname=guest&checksum=39CA557801A7F9B24A649DBDEEE3E978,
115,Trichormus variabilis,7.4,12.3,um,oval,cyanobacteria,http://www.microbiologyresearch.org/docserver/fulltext/ijsem/55/1/11.pdf?expires=1528306749&id=id&accname=guest&checksum=39CA557801A7F9B24A649DBDEEE3E978,
116,Xanthomonas campestris,0.75,2.17,um,rod,proteobacteria,https://books.google.co.uk/books?id=8A_yBwAAQBAJ&pg=PA191&lpg=PA191&dq=Xanthomonas+campestris+cell+width&source=bl&ots=LCjaeonYF-&sig=cHYPUCF7EAQ6Dq8eV8xlGskcvMA&hl=en&sa=X&ved=0ahUKEwiO6IXQs5nbAhUMthQKHckwA9o4ChDoAQhDMAc#v=onepage&q=Xanthomonas%20campestris%20cell%20width&f=false,
116,Xanthomonas campestris,0.55,1.35,um,rod,proteobacteria,https://books.google.co.uk/books?id=8A_yBwAAQBAJ&pg=PA191&lpg=PA191&dq=Xanthomonas+campestris+cell+width&source=bl&ots=LCjaeonYF-&sig=cHYPUCF7EAQ6Dq8eV8xlGskcvMA&hl=en&sa=X&ved=0ahUKEwiO6IXQs5nbAhUMthQKHckwA9o4ChDoAQhDMAc#v=onepage&q=Xanthomonas%20campestris%20cell%20width&f=false,
117,Xylella fastidiosa,0.35,3.5,um,rod,proteobacteria,http://aem.asm.org/content/73/8/2690.full?view=long&pmid=17293518,
117,Xylella fastidiosa,0.25,0.9,um,rod,proteobacteria,http://aem.asm.org/content/73/8/2690.full?view=long&pmid=17293518,
118,Yersinia enterocolitica,0.5,1.0,um,rod,proteobacteria,http://www.elsevier.es/es-revista-enfermedades-infecciosas-microbiologia-clinica-28-articulo-yersinia-enterocolitica-pathogenesis-virulence-antimicrobial-S0213005X11002655?referer=buscador,
118,Yersinia enterocolitica,0.8,3.0,um,rod,proteobacteria,http://www.elsevier.es/es-revista-enfermedades-infecciosas-microbiologia-clinica-28-articulo-yersinia-enterocolitica-pathogenesis-virulence-antimicrobial-S0213005X11002655?referer=buscador,
