index,GenusSpecies,width,length,SizeUnit,Shape,Phylum,Sources,Volume,VolumeUnit
0,Acetobacterium carbinolicum,0.8,1.5,um,rod,firmucutes,Bergey's Manual of Systematic Bacteriology: Volume 3: The Firmicutes,1.21056036918,um3
0,Acetobacterium carbinolicum,1.0,2.5,um,rod,firmucutes,Bergey's Manual of Systematic Bacteriology: Volume 3: The Firmicutes,2.48709418409,um3
1,Acetobacterium fimetarium,1.1,2.6,um,rod,firmucutes,Bergey's Manual of Systematic Bacteriology: Volume 3: The Firmicutes,2.94314871764,um3
1,Acetobacterium fimetarium,0.8,1.5,um,rod,firmucutes,Bergey's Manual of Systematic Bacteriology: Volume 3: The Firmicutes,1.21056036918,um3
2,Aeribacillus pallidus,0.8,2.0,um,rod,firmucutes,Bergey's Manual of Systematic Bacteriology: Volume 3: The Firmicutes,1.52471963454,um3
2,Aeribacillus pallidus,0.9,5.0,um,rod,firmucutes,Bergey's Manual of Systematic Bacteriology: Volume 3: The Firmicutes,3.9159952427,um3
3,Aeromonas hydrophila,1.0,3.5,um,rod,proteobacteria,https://www.ncbi.nlm.nih.gov/pmc/articles/PMC4255052/,3.27249234749,um3
3,Aeromonas hydrophila,1.0,3.5,um,rod,proteobacteria,https://www.ncbi.nlm.nih.gov/pmc/articles/PMC4255052/,3.27249234749,um3
4,Alkaliphilus transvaalensis,0.4,3.0,um,rod,firmucutes,Bergey's Manual of Systematic Bacteriology: Volume 3: The Firmicutes,0.975988117715,um3
4,Alkaliphilus transvaalensis,0.7,6.0,um,rod,firmucutes,Bergey's Manual of Systematic Bacteriology: Volume 3: The Firmicutes,3.4782666663,um3
9,Aphanizomenon aphanizomenoides,7.0,7.7,um,oval,cyanobacteria,https://www.researchgate.net/publication/266673473_Aphanizomenon_favaloroi_spec_nov_Cyanobacteria_Nostocales_a_new_planktic_species_from_Argentina,197.553818033,um3
9,Aphanizomenon aphanizomenoides,5.5,6.0,um,oval,cyanobacteria,https://www.researchgate.net/publication/266673473_Aphanizomenon_favaloroi_spec_nov_Cyanobacteria_Nostocales_a_new_planktic_species_from_Argentina,95.0331777711,um3
11,Arthrospira fusiformis,8.9,302.0,um,rod,cyanobacteria,https://www.researchgate.net/publication/233502806_Arthrospira_fusiformis_Voronichin_Komarek_et_Lund_Cyanoprokaryota_-_A_new_species_for_Europe,2480.11408881,um3
11,Arthrospira fusiformis,7.3,113.0,um,rod,cyanobacteria,https://www.researchgate.net/publication/233502806_Arthrospira_fusiformis_Voronichin_Komarek_et_Lund_Cyanoprokaryota_-_A_new_species_for_Europe,851.563769873,um3
13,Bacillus infernus,0.8,8.0,um,rod,firmucutes,"Bergey's Manual of Systematic Bacteriology: Volume 3: The Firmicutes, pg.106",5.29463081885,um3
13,Bacillus infernus,0.7,4.0,um,rod,firmucutes,"Bergey's Manual of Systematic Bacteriology: Volume 3: The Firmicutes, pg.106",2.37870923754,um3
15,Bosea eneae,0.5,1.2,um,rod,proteobacteria,https://books.google.co.uk/books?id=dgejA4wa5R4C&pg=PA710&lpg=PA710&dq=Hydrogenophaga+pseudoflava+cell+size&source=bl&ots=cYZTDQzGbm&sig=5P5ROil4OvMEgQ_cg2UuXk00Vyc&hl=en&sa=X&ved=0ahUKEwid5Ovxl5DbAhXFB8AKHUlzAkkQ6AEIVDAH#v=onepage&q=Bosea%20eneae&f=false,0.536688744988,um3
15,Bosea eneae,0.9,3.0,um,rod,proteobacteria,https://books.google.co.uk/books?id=dgejA4wa5R4C&pg=PA710&lpg=PA710&dq=Hydrogenophaga+pseudoflava+cell+size&source=bl&ots=cYZTDQzGbm&sig=5P5ROil4OvMEgQ_cg2UuXk00Vyc&hl=en&sa=X&ved=0ahUKEwid5Ovxl5DbAhXFB8AKHUlzAkkQ6AEIVDAH#v=onepage&q=Bosea%20eneae&f=false,2.50227854858,um3
16,Brochothrix thermosphacta,0.6,1.0,um,rod,firmucutes,Bergey's Manual of Systematic Bacteriology: Volume 3: The Firmicutes,0.584336233568,um3
16,Brochothrix thermosphacta,0.75,2.0,um,rod,firmucutes,Bergey's Manual of Systematic Bacteriology: Volume 3: The Firmicutes,1.39899047855,um3
17,Caldanaerobacter subterraneus,0.5,2.0,um,rod,firmucutes,"Bergey's Manual of Systematic Bacteriology: Volume 3: The Firmicutes, pg.1243",0.850848010347,um3
17,Caldanaerobacter subterraneus,0.7,8.0,um,rod,firmucutes,"Bergey's Manual of Systematic Bacteriology: Volume 3: The Firmicutes, pg.1243",4.57782409506,um3
18,Caldicellulosiruptor obsidiansis,0.2,2.0,um,rod,firmucutes,https://www.ncbi.nlm.nih.gov/pubmed/20023107,0.318348055564,um3
18,Caldicellulosiruptor obsidiansis,0.2,2.0,um,rod,firmucutes,https://www.ncbi.nlm.nih.gov/pubmed/20023107,0.318348055564,um3
19,Caloramator fervidus,0.65,2.0,um,rod,firmucutes,Bergey's Manual of Systematic Bacteriology: Volume 3: The Firmicutes,1.16481092617,um3
19,Caloramator fervidus,0.75,2.5,um,rod,firmucutes,Bergey's Manual of Systematic Bacteriology: Volume 3: The Firmicutes,1.69351478983,um3
20,Caloramator indicus,0.8,100.0,um,rod,firmucutes,Bergey's Manual of Systematic Bacteriology: Volume 3: The Firmicutes,63.0999356449,um3
20,Caloramator indicus,0.6,10.0,um,rod,firmucutes,Bergey's Manual of Systematic Bacteriology: Volume 3: The Firmicutes,4.82548631591,um3
21,Clostridium perfringens,0.6,1.3,um,rod,firmucutes,Bergey's Manual of Systematic Bacteriology: Volume 3: The Firmicutes,0.725707902979,um3
21,Clostridium perfringens,2.4,19.0,um,rod,firmucutes,Bergey's Manual of Systematic Bacteriology: Volume 3: The Firmicutes,43.0523857248,um3
22,Colwellia demingiae,0.4,1.5,um,rod,proteobacteria,https://books.google.co.uk/books?id=5zSYmcq0GdgC&pg=PA453&lpg=PA453&dq=Colwellia+demingiae+cell+size&source=bl&ots=fke1PEk0Jq&sig=GCks8dltnn04MME18nQ_l3xBObk&hl=en&sa=X&ved=0ahUKEwifxNvxyorbAhUqJMAKHRfjClAQ6AEITzAF#v=onepage&q=Colwellia%20demingiae%20cell%20size&f=false,0.504749219677,um3
22,Colwellia demingiae,0.6,4.5,um,rod,proteobacteria,https://books.google.co.uk/books?id=5zSYmcq0GdgC&pg=PA453&lpg=PA453&dq=Colwellia+demingiae+cell+size&source=bl&ots=fke1PEk0Jq&sig=GCks8dltnn04MME18nQ_l3xBObk&hl=en&sa=X&ved=0ahUKEwifxNvxyorbAhUqJMAKHRfjClAQ6AEITzAF#v=onepage&q=Colwellia%20demingiae%20cell%20size&f=false,2.2336723767,um3
23,Colwellia hornerae,0.8,3.0,um,rod,proteobacteria,https://books.google.co.uk/books?id=5zSYmcq0GdgC&pg=PA453&lpg=PA453&dq=Colwellia+demingiae+cell+size&source=bl&ots=fke1PEk0Jq&sig=GCks8dltnn04MME18nQ_l3xBObk&hl=en&sa=X&ved=0ahUKEwifxNvxyorbAhUqJMAKHRfjClAQ6AEITzAF#v=onepage&q=Colwellia%20demingiae%20cell%20size&f=false,2.15303816526,um3
23,Colwellia hornerae,0.4,1.5,um,rod,proteobacteria,https://books.google.co.uk/books?id=5zSYmcq0GdgC&pg=PA453&lpg=PA453&dq=Colwellia+demingiae+cell+size&source=bl&ots=fke1PEk0Jq&sig=GCks8dltnn04MME18nQ_l3xBObk&hl=en&sa=X&ved=0ahUKEwifxNvxyorbAhUqJMAKHRfjClAQ6AEITzAF#v=onepage&q=Colwellia%20demingiae%20cell%20size&f=false,0.504749219677,um3
24,Colwellia psychrerythraea,0.5,2.5,um,rod,proteobacteria,https://books.google.co.uk/books?id=5zSYmcq0GdgC&pg=PA453&lpg=PA453&dq=Colwellia+demingiae+cell+size&source=bl&ots=fke1PEk0Jq&sig=GCks8dltnn04MME18nQ_l3xBObk&hl=en&sa=X&ved=0ahUKEwifxNvxyorbAhUqJMAKHRfjClAQ6AEITzAF#v=onepage&q=Colwellia%20demingiae%20cell%20size&f=false,1.0471975512,um3
24,Colwellia psychrerythraea,0.5,3.5,um,rod,proteobacteria,https://books.google.co.uk/books?id=5zSYmcq0GdgC&pg=PA453&lpg=PA453&dq=Colwellia+demingiae+cell+size&source=bl&ots=fke1PEk0Jq&sig=GCks8dltnn04MME18nQ_l3xBObk&hl=en&sa=X&ved=0ahUKEwifxNvxyorbAhUqJMAKHRfjClAQ6AEITzAF#v=onepage&q=Colwellia%20demingiae%20cell%20size&f=false,1.4398966329,um3
25,Colwellia psychrotropica,0.8,3.0,um,rod,proteobacteria,https://books.google.co.uk/books?id=5zSYmcq0GdgC&pg=PA453&lpg=PA453&dq=Colwellia+demingiae+cell+size&source=bl&ots=fke1PEk0Jq&sig=GCks8dltnn04MME18nQ_l3xBObk&hl=en&sa=X&ved=0ahUKEwifxNvxyorbAhUqJMAKHRfjClAQ6AEITzAF#v=onepage&q=Colwellia%20demingiae%20cell%20size&f=false,2.15303816526,um3
25,Colwellia psychrotropica,0.4,1.5,um,rod,proteobacteria,https://books.google.co.uk/books?id=5zSYmcq0GdgC&pg=PA453&lpg=PA453&dq=Colwellia+demingiae+cell+size&source=bl&ots=fke1PEk0Jq&sig=GCks8dltnn04MME18nQ_l3xBObk&hl=en&sa=X&ved=0ahUKEwifxNvxyorbAhUqJMAKHRfjClAQ6AEITzAF#v=onepage&q=Colwellia%20demingiae%20cell%20size&f=false,0.504749219677,um3
27,Deferribacter thermophilus,0.3,1.0,um,rod,Deferribacteres,http://ijs.microbiologyresearch.org/content/journal/ijsem/10.1099/00207713-47-2-505,0.24975661596,um3
27,Deferribacter thermophilus,0.5,5.0,um,rod,Deferribacteres,http://ijs.microbiologyresearch.org/content/journal/ijsem/10.1099/00207713-47-2-505,2.02894525544,um3
28,Deinococcus geothermalis,2.0,,um,Spherical,Deinococcus-Thermus,https://www.ncbi.nlm.nih.gov/pmc/articles/PMC5023248/,4.18879020479,um3
28,Deinococcus geothermalis,1.5,,um,Spherical,Deinococcus-Thermus,https://www.ncbi.nlm.nih.gov/pmc/articles/PMC5023248/,1.76714586764,um3
29,Deinococcus murrayi,2.0,,um,Spherical,Deinococcus-Thermus,https://books.google.co.uk/books?id=3znhBwAAQBAJ&pg=PA370&lpg=PA370&dq=thermotogaceae+cell+size&source=bl&ots=iAqIJx8wC_&sig=PVgY-4Ga0mAJzpzmsQnfUfXkjEU&hl=en&sa=X&ved=0ahUKEwjEoreSxorbAhXILsAKHaPCA88Q6AEIMjAC#v=snippet&q=Deinococcus%20geothermalis&f=false,4.18879020479,um3
29,Deinococcus murrayi,1.2,,um,Spherical,Deinococcus-Thermus,https://books.google.co.uk/books?id=3znhBwAAQBAJ&pg=PA370&lpg=PA370&dq=thermotogaceae+cell+size&source=bl&ots=iAqIJx8wC_&sig=PVgY-4Ga0mAJzpzmsQnfUfXkjEU&hl=en&sa=X&ved=0ahUKEwjEoreSxorbAhXILsAKHaPCA88Q6AEIMjAC#v=snippet&q=Deinococcus%20geothermalis&f=false,0.904778684234,um3
30,Desulfobacter curvatus,0.5,1.7,um,rod,proteobacteria,https://link.springer.com/content/pdf/10.1007%2FBF00456706.pdf,0.733038285838,um3
30,Desulfobacter curvatus,1.0,3.5,um,rod,proteobacteria,https://link.springer.com/content/pdf/10.1007%2FBF00456706.pdf,3.27249234749,um3
31,Desulfofaba gelida,3.1,6.2,um,rod,proteobacteria,https://books.google.co.uk/books?id=dgejA4wa5R4C&pg=PA324&dq=Rhizobiales&hl=en&sa=X&ved=0ahUKEwiW9_PajpDbAhXmLcAKHcd4DjgQ6AEIMTAB#v=snippet&q=Desulfofaba%20gelida&f=false,30.6938838243,um3
31,Desulfofaba gelida,3.1,5.4,um,rod,proteobacteria,https://books.google.co.uk/books?id=dgejA4wa5R4C&pg=PA324&dq=Rhizobiales&hl=en&sa=X&ved=0ahUKEwiW9_PajpDbAhXmLcAKHcd4DjgQ6AEIMTAB#v=snippet&q=Desulfofaba%20gelida&f=false,28.7460963791,um3
32,Desulfofrigus fragile,0.8,3.2,um,rod,proteobacteria,https://books.google.co.uk/books?id=9cwgo-9IyTUC&pg=PA977&lpg=PA977&dq=Desulfofrigus+oceanense+cell+size&source=bl&ots=lTtbfougYA&sig=4rpA3CrTU5e2uXVWlwzPw1h9H54&hl=en&sa=X&ved=0ahUKEwj46PvYz5bbAhVDxRQKHf4wD-sQ6AEIMzAC#v=onepage&q=Desulfofrigus%20oceanense%20cell%20size&f=false,2.2787018714,um3
32,Desulfofrigus fragile,0.8,4.2,um,rod,proteobacteria,https://books.google.co.uk/books?id=9cwgo-9IyTUC&pg=PA977&lpg=PA977&dq=Desulfofrigus+oceanense+cell+size&source=bl&ots=lTtbfougYA&sig=4rpA3CrTU5e2uXVWlwzPw1h9H54&hl=en&sa=X&ved=0ahUKEwj46PvYz5bbAhVDxRQKHf4wD-sQ6AEIMzAC#v=onepage&q=Desulfofrigus%20oceanense%20cell%20size&f=false,2.90702040212,um3
33,Desulfofrigus oceanense,2.1,6.1,um,rod,proteobacteria,https://books.google.co.uk/books?id=9cwgo-9IyTUC&pg=PA977&lpg=PA977&dq=Desulfofrigus+oceanense+cell+size&source=bl&ots=lTtbfougYA&sig=4rpA3CrTU5e2uXVWlwzPw1h9H54&hl=en&sa=X&ved=0ahUKEwj46PvYz5bbAhVDxRQKHf4wD-sQ6AEIMzAC#v=onepage&q=Desulfofrigus%20oceanense%20cell%20size&f=false,14.9099987339,um3
33,Desulfofrigus oceanense,2.1,4.2,um,rod,proteobacteria,https://books.google.co.uk/books?id=9cwgo-9IyTUC&pg=PA977&lpg=PA977&dq=Desulfofrigus+oceanense+cell+size&source=bl&ots=lTtbfougYA&sig=4rpA3CrTU5e2uXVWlwzPw1h9H54&hl=en&sa=X&ved=0ahUKEwj46PvYz5bbAhVDxRQKHf4wD-sQ6AEIMzAC#v=onepage&q=Desulfofrigus%20oceanense%20cell%20size&f=false,11.776260062,um3
34,Desulforhopalus vacuolatus,1.5,3.0,um,rod,proteobacteria,https://www.researchgate.net/publication/225671825_Desulforpalus_vacuolatus_gen_nov_sp_nov_a_new_moderately_psychrophilic_sulfate-reducing_bacterium_with_gas_vacuoles_isolated_from_a_temperate_estuary,5.30143760293,um3
34,Desulforhopalus vacuolatus,1.8,5.0,um,rod,proteobacteria,https://www.researchgate.net/publication/225671825_Desulforpalus_vacuolatus_gen_nov_sp_nov_a_new_moderately_psychrophilic_sulfate-reducing_bacterium_with_gas_vacuoles_isolated_from_a_temperate_estuary,10.1222115299,um3
35,Desulfotalea arctica,0.7,1.6,um,rod,proteobacteria,https://bacdive.dsmz.de/search?search=Desulfotalea+arctica&submit=search,1.05924032304,um3
35,Desulfotalea arctica,0.7,2.7,um,rod,proteobacteria,https://bacdive.dsmz.de/search?search=Desulfotalea+arctica&submit=search,1.66399690885,um3
36,Desulfotalea psychrophila,0.6,4.5,um,rod,proteobacteria,https://bacdive.dsmz.de/search?search=Desulfotalea+psychrophila&submit=search,2.2336723767,um3
36,Desulfotalea psychrophila,0.6,7.4,um,rod,proteobacteria,https://bacdive.dsmz.de/search?search=Desulfotalea+psychrophila&submit=search,3.60026518101,um3
37,Desulfotomaculum putei,1.0,2.0,um,oval,firmucutes,Bergey's Manual of Systematic Bacteriology: Volume 3: The Firmicutes,1.0471975512,um3
37,Desulfotomaculum putei,1.1,5.0,um,oval,firmucutes,Bergey's Manual of Systematic Bacteriology: Volume 3: The Firmicutes,3.16777259237,um3
38,Desulfuromonas michiganensis,0.4,0.8,um,rod,proteobacteria,http://www.microbiologyresearch.org/docserver/fulltext/ijsem/65/5/1686_ijs000159.pdf?expires=1526902904&id=id&accname=guest&checksum=44CE48144AF9CF34C5D264FA58575AB5,0.284837733925,um3
38,Desulfuromonas michiganensis,0.5,1.4,um,rod,proteobacteria,http://www.microbiologyresearch.org/docserver/fulltext/ijsem/65/5/1686_ijs000159.pdf?expires=1526902904&id=id&accname=guest&checksum=44CE48144AF9CF34C5D264FA58575AB5,0.615228561328,um3
42,Geobacillus caldotenax,0.5,5.0,um,oval,firmucutes,Bergey's Manual of Systematic Bacteriology: Volume 3: The Firmicutes,0.654498469498,um3
42,Geobacillus caldotenax,0.5,3.0,um,oval,firmucutes,Bergey's Manual of Systematic Bacteriology: Volume 3: The Firmicutes,0.392699081699,um3
43,Geobacillus stearothermophilus,1.0,3.5,um,rod,firmucutes,Bergey's Manual of Systematic Bacteriology: Volume 3: The Firmicutes,3.27249234749,um3
43,Geobacillus stearothermophilus,0.6,2.0,um,rod,firmucutes,Bergey's Manual of Systematic Bacteriology: Volume 3: The Firmicutes,1.05557513161,um3
44,Glaciecola punicea,0.4,5.0,um,rod,proteobacteria,http://www.microbiologyresearch.org/docserver/fulltext/ijsem/48/4/ijs-48-4-1213.pdf?expires=1526915961&id=id&accname=guest&checksum=088CF97C1DF83E51FD1BE8ED3B8D2D3D,1.60430664843,um3
44,Glaciecola punicea,0.2,1.0,um,rod,proteobacteria,http://www.microbiologyresearch.org/docserver/fulltext/ijsem/48/4/ijs-48-4-1213.pdf?expires=1526915961&id=id&accname=guest&checksum=088CF97C1DF83E51FD1BE8ED3B8D2D3D,0.161268422884,um3
45,Halanaerobium alcaliphilum,0.8,5.0,um,rod,firmucutes,"Bergey's Manual of Systematic Bacteriology: Volume 3: The Firmicutes, pg.1198",3.4096752267,um3
45,Halanaerobium alcaliphilum,0.8,3.3,um,rod,firmucutes,"Bergey's Manual of Systematic Bacteriology: Volume 3: The Firmicutes, pg.1198",2.34153372448,um3
46,Halanaerobium lacusrosei,0.6,3.0,um,rod,firmucutes,"Bergey's Manual of Systematic Bacteriology: Volume 3: The Firmicutes, pg.1200",1.52681402964,um3
46,Halanaerobium lacusrosei,0.4,2.0,um,rod,firmucutes,"Bergey's Manual of Systematic Bacteriology: Volume 3: The Firmicutes, pg.1200",0.661828852356,um3
47,Halomonas campisalis,1.0,3.0,um,rod,proteobacteria,https://www.ncbi.nlm.nih.gov/pubmed/10794143,2.87979326579,um3
47,Halomonas campisalis,1.0,5.0,um,rod,proteobacteria,https://www.ncbi.nlm.nih.gov/pubmed/10794143,4.45058959259,um3
48,Halomonas elongata,1.0,3.0,um,rod,proteobacteria,http://www.microbiologyresearch.org/docserver/fulltext/ijsem/51/4/0511457a.pdf?expires=1526917758&id=id&accname=guest&checksum=88E8DCDABD428EA0F6249F0404341F87,2.87979326579,um3
48,Halomonas elongata,0.7,2.0,um,rod,proteobacteria,http://www.microbiologyresearch.org/docserver/fulltext/ijsem/51/4/0511457a.pdf?expires=1526917758&id=id&accname=guest&checksum=88E8DCDABD428EA0F6249F0404341F87,1.27915180879,um3
50,Halomonas subglaciescola,1.1,56.5,um,rod,proteobacteria,http://www.microbiologyresearch.org/docserver/fulltext/ijsem/37/1/ijs-37-1-27.pdf?expires=1526918345&id=id&accname=guest&checksum=BCFA940E8C9D2267ACB4B0C4DE28C1DA,49.5094058255,um3
50,Halomonas subglaciescola,0.5,1.1,um,rod,proteobacteria,http://www.microbiologyresearch.org/docserver/fulltext/ijsem/37/1/ijs-37-1-27.pdf?expires=1526918345&id=id&accname=guest&checksum=BCFA940E8C9D2267ACB4B0C4DE28C1DA,0.497418836818,um3
51,Halonatronum saccharophilum,0.6,10.0,um,rod,firmucutes,Bergey's Manual of Systematic Bacteriology: Volume 3: The Firmicutes,4.82548631591,um3
51,Halonatronum saccharophilum,0.4,3.5,um,rod,firmucutes,Bergey's Manual of Systematic Bacteriology: Volume 3: The Firmicutes,1.13306775039,um3
52,Hydrogenophaga pseudoflava,0.6,5.5,um,rod,proteobacteria,https://www.ncbi.nlm.nih.gov/pmc/articles/PMC2812990/,2.70491127474,um3
52,Hydrogenophaga pseudoflava,0.3,0.6,um,rod,proteobacteria,https://www.ncbi.nlm.nih.gov/pmc/articles/PMC2812990/,0.155508836353,um3
53,Isosphaera pallida,2.5,,um,Spherical,Planctomycetes,https://link.springer.com/article/10.1007/BF00463488,8.18123086872,um3
53,Isosphaera pallida,3.0,,um,Spherical,Planctomycetes,https://link.springer.com/article/10.1007/BF00463488,14.1371669412,um3
54,Klebsiella oxytoca,0.3,0.6,um,rod,proteobacteria,http://www.vetbact.org/index.php?artid=156,0.155508836353,um3
54,Klebsiella oxytoca,1.0,6.0,um,rod,proteobacteria,http://www.vetbact.org/index.php?artid=156,5.23598775598,um3
55,Lactobacillus acidophilus,0.6,1.5,um,rod,firmucutes,https://books.google.co.uk/books?id=0-VqgLiCPFcC&pg=PA500&dq=Lactobacillus+acidophilus+cell+diameter&hl=en&sa=X&ved=0ahUKEwjr5JO5t4rbAhUSe8AKHc_xDKoQ6AEITzAI#v=snippet&q=L.acidophilus%20&f=false,0.819955682587,um3
55,Lactobacillus acidophilus,0.9,6.0,um,rod,firmucutes,https://books.google.co.uk/books?id=0-VqgLiCPFcC&pg=PA500&dq=Lactobacillus+acidophilus+cell+diameter&hl=en&sa=X&ved=0ahUKEwjr5JO5t4rbAhUSe8AKHc_xDKoQ6AEITzAI#v=snippet&q=L.acidophilus%20&f=false,4.62285358976,um3
56,Lactobacillus delbrueckii,0.5,2.0,um,rod,firmucutes,https://hal.archives-ouvertes.fr/hal-00929612/document,0.850848010347,um3
56,Lactobacillus delbrueckii,0.8,9.0,um,rod,firmucutes,https://hal.archives-ouvertes.fr/hal-00929612/document,5.92294934957,um3
57,Lactobacillus paracasei,0.8,2.0,um,rod,firmucutes,"Bergey's Manual of Systematic Bacteriology: Volume 3: The Firmicutes, pg.504",1.52471963454,um3
57,Lactobacillus paracasei,1.0,4.0,um,rod,firmucutes,"Bergey's Manual of Systematic Bacteriology: Volume 3: The Firmicutes, pg.504",3.66519142919,um3
58,Lactobacillus rhamnosus,0.8,2.0,um,rod,firmucutes,Bergey's Manual of Systematic Bacteriology: Volume 3: The Firmicutes,1.52471963454,um3
58,Lactobacillus rhamnosus,1.0,4.0,um,rod,firmucutes,Bergey's Manual of Systematic Bacteriology: Volume 3: The Firmicutes,3.66519142919,um3
60,Lactococcus piscium,0.5,,um,Spherical,firmucutes,https://onlinelibrary.wiley.com/doi/pdf/10.1111/jam.13179,0.0654498469498,um3
60,Lactococcus piscium,1.0,,um,Spherical,firmucutes,https://onlinelibrary.wiley.com/doi/pdf/10.1111/jam.13179,0.523598775598,um3
61,Listeria monocytogenes,0.5,2.0,um,rod,firmucutes,Bergey's Manual of Systematic Bacteriology: Volume 3: The Firmicutes,0.850848010347,um3
61,Listeria monocytogenes,0.4,0.5,um,rod,firmucutes,Bergey's Manual of Systematic Bacteriology: Volume 3: The Firmicutes,0.190589954318,um3
62,Marinithermus hydrothermalis,0.9,7.5,um,rod,Deinococcus-Thermus,http://www.microbiologyresearch.org/docserver/fulltext/ijsem/53/1/59.pdf?expires=1526922495&id=id&accname=guest&checksum=E4691D32D2EA9A09BB04138504F6D456,5.68314111034,um3
62,Marinithermus hydrothermalis,1.0,9.4,um,rod,Deinococcus-Thermus,http://www.microbiologyresearch.org/docserver/fulltext/ijsem/53/1/59.pdf?expires=1526922495&id=id&accname=guest&checksum=E4691D32D2EA9A09BB04138504F6D456,7.90634151153,um3
63,Marinitoga piezophila,0.5,1.0,um,rod,Thermotogae,https://www.ncbi.nlm.nih.gov/pubmed/12148648,0.458148928649,um3
63,Marinitoga piezophila,0.5,1.5,um,rod,Thermotogae,https://www.ncbi.nlm.nih.gov/pubmed/12148648,0.654498469498,um3
64,Marinobacter alkaliphilus,0.3,2.0,um,rod,proteobacteria,https://www.researchgate.net/publication/8388977_Marinobacter_alkaliphilus_sp_nov_a_novel_alkaliphilic_bacterium_isolated_from_subseafloor_alkaline_serpentine_mud_from_Ocean_Drilling_Program_Site_1200_at_South_Chamorro_Seamount_Mariana_Forearc,0.48537606498,um3
64,Marinobacter alkaliphilus,0.8,5.0,um,rod,proteobacteria,https://www.researchgate.net/publication/8388977_Marinobacter_alkaliphilus_sp_nov_a_novel_alkaliphilic_bacterium_isolated_from_subseafloor_alkaline_serpentine_mud_from_Ocean_Drilling_Program_Site_1200_at_South_Chamorro_Seamount_Mariana_Forearc,3.4096752267,um3
65,Mastigocladus laminosus,2.0,11.0,mm,rod,cyanobacteria,https://academic.oup.com/femsle/article/364/15/fnx154/3983256,21.4675497995,um3
65,Mastigocladus laminosus,1.5,8.0,mm,rod,cyanobacteria,https://academic.oup.com/femsle/article/364/15/fnx154/3983256,11.1919238284,um3
66,Meiothermus chliarophilus,0.8,10.0,um,rod,Deinococcus-Thermus,https://onlinelibrary.wiley.com/doi/full/10.1111/j.1574-6968.2002.tb11445.x,6.55126788029,um3
66,Meiothermus chliarophilus,0.5,1.7,um,rod,Deinococcus-Thermus,https://onlinelibrary.wiley.com/doi/full/10.1111/j.1574-6968.2002.tb11445.x,0.733038285838,um3
71,Microcystis ichthyoblabe,3.0,,um,Spherical,,http://www.microbiologyresearch.org/docserver/fulltext/ijsem/50/2/0500767a.pdf?expires=1526386385&id=id&accname=guest&checksum=D6D463D904C41C12E91EDE3C839CD10D,14.1371669412,um3
71,Microcystis ichthyoblabe,2.0,,um,Spherical,,http://www.microbiologyresearch.org/docserver/fulltext/ijsem/50/2/0500767a.pdf?expires=1526386385&id=id&accname=guest&checksum=D6D463D904C41C12E91EDE3C839CD10D,4.18879020479,um3
72,Moritella abyssi,1.2,7.0,um,rod,proteobacteria,http://www.microbiologyresearch.org/docserver/fulltext/ijsem/53/2/533.pdf?expires=1526923609&id=id&accname=guest&checksum=0A81172A69073197CC23FFE176BBC42C,7.50212325677,um3
72,Moritella abyssi,0.8,2.0,um,rod,proteobacteria,http://www.microbiologyresearch.org/docserver/fulltext/ijsem/53/2/533.pdf?expires=1526923609&id=id&accname=guest&checksum=0A81172A69073197CC23FFE176BBC42C,1.52471963454,um3
73,Moritella profunda,1.2,5.0,um,rod,proteobacteria,http://www.microbiologyresearch.org/docserver/fulltext/ijsem/53/2/533.pdf?expires=1526923609&id=id&accname=guest&checksum=0A81172A69073197CC23FFE176BBC42C,5.61716766462,um3
73,Moritella profunda,0.9,1.5,um,rod,proteobacteria,http://www.microbiologyresearch.org/docserver/fulltext/ijsem/53/2/533.pdf?expires=1526923609&id=id&accname=guest&checksum=0A81172A69073197CC23FFE176BBC42C,1.441991028,um3
74,Pelotomaculum thermopropionicum,0.8,2.8,um,rod,firmucutes,Bergey's Manual of Systematic Bacteriology: Volume 3: The Firmicutes,2.02737445912,um3
74,Pelotomaculum thermopropionicum,0.7,1.7,um,rod,firmucutes,Bergey's Manual of Systematic Bacteriology: Volume 3: The Firmicutes,1.11421819447,um3
75,Persephonella guaymasensis,0.3,2.0,um,rod,Aquificae,http://ijs.microbiologyresearch.org/content/journal/ijsem/10.1099/00207713-52-4-1349#tab2,0.48537606498,um3
75,Persephonella guaymasensis,0.4,4.0,um,rod,Aquificae,http://ijs.microbiologyresearch.org/content/journal/ijsem/10.1099/00207713-52-4-1349#tab2,1.29014738307,um3
76,Persephonella marina,0.3,2.0,um,rod,Aquificae,http://ijs.microbiologyresearch.org/content/journal/ijsem/10.1099/00207713-52-4-1349#tab2,0.48537606498,um3
76,Persephonella marina,0.4,4.0,um,rod,Aquificae,http://ijs.microbiologyresearch.org/content/journal/ijsem/10.1099/00207713-52-4-1349#tab2,1.29014738307,um3
79,Profundimonas piezophila,0.5,4.0,um,rod,proteobacteria,http://aem.asm.org/content/80/1/54.full,1.63624617374,um3
79,Profundimonas piezophila,0.8,5.0,um,rod,proteobacteria,http://aem.asm.org/content/80/1/54.full,3.4096752267,um3
80,Pseudoalteromonas antarctica,0.9,3.0,um,rod,proteobacteria,http://www.microbiologyresearch.org/docserver/fulltext/ijsem/47/2/ijs-47-2-345.pdf?expires=1526924343&id=id&accname=guest&checksum=FF1A3F36005B016E92C7B9740F808F9A,2.50227854858,um3
80,Pseudoalteromonas antarctica,0.3,1.0,um,rod,proteobacteria,http://www.microbiologyresearch.org/docserver/fulltext/ijsem/47/2/ijs-47-2-345.pdf?expires=1526924343&id=id&accname=guest&checksum=FF1A3F36005B016E92C7B9740F808F9A,0.24975661596,um3
85,Pseudothermotoga lettingae,0.5,1.5,um,rod,Thermotogae,https://books.google.co.uk/books?id=3znhBwAAQBAJ&pg=PA370&lpg=PA370&dq=thermotogaceae+cell+size&source=bl&ots=iAqIJx8wC_&sig=PVgY-4Ga0mAJzpzmsQnfUfXkjEU&hl=en&sa=X&ved=0ahUKEwjEoreSxorbAhXILsAKHaPCA88Q6AEIMjAC#v=onepage&q=thermotogaceae%20cell%20size&f=false,0.654498469498,um3
85,Pseudothermotoga lettingae,1.0,11.0,um,rod,Thermotogae,https://books.google.co.uk/books?id=3znhBwAAQBAJ&pg=PA370&lpg=PA370&dq=thermotogaceae+cell+size&source=bl&ots=iAqIJx8wC_&sig=PVgY-4Ga0mAJzpzmsQnfUfXkjEU&hl=en&sa=X&ved=0ahUKEwjEoreSxorbAhXILsAKHaPCA88Q6AEIMjAC#v=onepage&q=thermotogaceae%20cell%20size&f=false,9.16297857297,um3
86,Pseudoxanthomonas broegbernensis,0.6,2.0,um,rod,proteobacteria,https://books.google.co.uk/books?id=5zSYmcq0GdgC&pg=PA453&lpg=PA453&dq=Colwellia+demingiae+cell+size&source=bl&ots=fke1PEk0Jq&sig=GCks8dltnn04MME18nQ_l3xBObk&hl=en&sa=X&ved=0ahUKEwifxNvxyorbAhUqJMAKHRfjClAQ6AEITzAF#v=onepage&q=Xanthomonadaceae&f=false,1.05557513161,um3
86,Pseudoxanthomonas broegbernensis,0.4,0.8,um,rod,proteobacteria,https://books.google.co.uk/books?id=5zSYmcq0GdgC&pg=PA453&lpg=PA453&dq=Colwellia+demingiae+cell+size&source=bl&ots=fke1PEk0Jq&sig=GCks8dltnn04MME18nQ_l3xBObk&hl=en&sa=X&ved=0ahUKEwifxNvxyorbAhUqJMAKHRfjClAQ6AEITzAF#v=onepage&q=Xanthomonadaceae&f=false,0.284837733925,um3
87,Pseudoxanthomonas taiwanensis,0.4,0.8,um,rod,proteobacteria,https://books.google.co.uk/books?id=5zSYmcq0GdgC&pg=PA453&lpg=PA453&dq=Colwellia+demingiae+cell+size&source=bl&ots=fke1PEk0Jq&sig=GCks8dltnn04MME18nQ_l3xBObk&hl=en&sa=X&ved=0ahUKEwifxNvxyorbAhUqJMAKHRfjClAQ6AEITzAF#v=onepage&q=Xanthomonadaceae&f=false,0.284837733925,um3
87,Pseudoxanthomonas taiwanensis,0.6,2.0,um,rod,proteobacteria,https://books.google.co.uk/books?id=5zSYmcq0GdgC&pg=PA453&lpg=PA453&dq=Colwellia+demingiae+cell+size&source=bl&ots=fke1PEk0Jq&sig=GCks8dltnn04MME18nQ_l3xBObk&hl=en&sa=X&ved=0ahUKEwifxNvxyorbAhUqJMAKHRfjClAQ6AEITzAF#v=onepage&q=Xanthomonadaceae&f=false,1.05557513161,um3
89,Psychrobacter muriicola,1.0,2.0,um,rod,proteobacteria,http://cryosol.ru/images/stuff/liza/shcherb-2009.pdf,2.09439510239,um3
89,Psychrobacter muriicola,0.5,0.5,um,rod,proteobacteria,http://cryosol.ru/images/stuff/liza/shcherb-2009.pdf,0.261799387799,um3
90,Psychroflexus torquis,0.4,0.5,um,rod,bacteroidetes,https://books.google.co.uk/books?id=0kghF7qBE98C&pg=PA258&lpg=PA258&dq=Psychroflexus+torquis+cell+size&source=bl&ots=Rkp9HzNY4S&sig=oi1y7rL_0PSrFXxrPvXfR8KnvhU&hl=en&sa=X&ved=0ahUKEwjggeHa04rbAhVKAsAKHWyXAgw4ChDoAQgtMAE#v=onepage&q=Psychroflexus%20torquis%20cell%20size&f=false,0.190589954318,um3
90,Psychroflexus torquis,1.5,3.0,um,rod,bacteroidetes,https://books.google.co.uk/books?id=0kghF7qBE98C&pg=PA258&lpg=PA258&dq=Psychroflexus+torquis+cell+size&source=bl&ots=Rkp9HzNY4S&sig=oi1y7rL_0PSrFXxrPvXfR8KnvhU&hl=en&sa=X&ved=0ahUKEwjggeHa04rbAhVKAsAKHWyXAgw4ChDoAQgtMAE#v=onepage&q=Psychroflexus%20torquis%20cell%20size&f=false,5.30143760293,um3
92,Rubrobacter radiotolerans,1.0,4.0,um,rod,Actinobacteria,https://books.google.co.uk/books?id=66UMS7A2KisC&pg=PA2006&lpg=PA2006&dq=Rubrobacter+xylanophilus+cell+volume&source=bl&ots=_8IUoOsVAb&sig=ISGSN_kQXz9eLGaLTAua_OkTDaI&hl=en&sa=X&ved=0ahUKEwij1MrJ1YrbAhUJXMAKHdoNCm84ChDoAQgvMAE#v=onepage&q=Rubrobacter%20xylanophilus%20cell%20volume&f=false,3.66519142919,um3
92,Rubrobacter radiotolerans,0.8,1.0,um,rod,Actinobacteria,https://books.google.co.uk/books?id=66UMS7A2KisC&pg=PA2006&lpg=PA2006&dq=Rubrobacter+xylanophilus+cell+volume&source=bl&ots=_8IUoOsVAb&sig=ISGSN_kQXz9eLGaLTAua_OkTDaI&hl=en&sa=X&ved=0ahUKEwij1MrJ1YrbAhUJXMAKHdoNCm84ChDoAQgvMAE#v=onepage&q=Rubrobacter%20xylanophilus%20cell%20volume&f=false,0.896401103824,um3
93,Rubrobacter xylanophilus,1.0,3.0,um,rod,Actinobacteria,https://books.google.co.uk/books?id=66UMS7A2KisC&pg=PA2006&lpg=PA2006&dq=Rubrobacter+xylanophilus+cell+volume&source=bl&ots=_8IUoOsVAb&sig=ISGSN_kQXz9eLGaLTAua_OkTDaI&hl=en&sa=X&ved=0ahUKEwij1MrJ1YrbAhUJXMAKHdoNCm84ChDoAQgvMAE#v=onepage&q=Rubrobacter%20xylanophilus%20cell%20volume&f=false,2.87979326579,um3
93,Rubrobacter xylanophilus,0.9,1.0,um,rod,Actinobacteria,https://books.google.co.uk/books?id=66UMS7A2KisC&pg=PA2006&lpg=PA2006&dq=Rubrobacter+xylanophilus+cell+volume&source=bl&ots=_8IUoOsVAb&sig=ISGSN_kQXz9eLGaLTAua_OkTDaI&hl=en&sa=X&ved=0ahUKEwij1MrJ1YrbAhUJXMAKHdoNCm84ChDoAQgvMAE#v=onepage&q=Rubrobacter%20xylanophilus%20cell%20volume&f=false,1.08856185447,um3
95,Shewanella gelidimarina,0.8,2.5,um,rod,proteobacteria,http://www.microbiologyresearch.org/docserver/fulltext/ijsem/47/4/ijs-47-4-1040.pdf?expires=1526993475&id=id&accname=guest&checksum=C762647EEFD31431F488074CDAC07BB4,1.8388788999,um3
95,Shewanella gelidimarina,0.5,1.5,um,rod,proteobacteria,http://www.microbiologyresearch.org/docserver/fulltext/ijsem/47/4/ijs-47-4-1040.pdf?expires=1526993475&id=id&accname=guest&checksum=C762647EEFD31431F488074CDAC07BB4,0.654498469498,um3
96,Sphaerospermopsis aphanizomenoides,3.5,4.4,um,cylindrical,cyanobacteria,https://www.researchgate.net/publication/283282292_Morphological_and_ecological_characteristics_of_potentially_toxic_invasive_cyanobacterium_Sphaerospermopsis_aphanizomenoides_Forti_Zapomelova_Jezberova_Hrouzek_Hisem_Rehakova_Komarkova_Nostocales_Cyan,12.0951317163,um3
96,Sphaerospermopsis aphanizomenoides,4.1,5.1,um,cylindrical,cyanobacteria,https://www.researchgate.net/publication/283282292_Morphological_and_ecological_characteristics_of_potentially_toxic_invasive_cyanobacterium_Sphaerospermopsis_aphanizomenoides_Forti_Zapomelova_Jezberova_Hrouzek_Hisem_Rehakova_Komarkova_Nostocales_Cyan,16.4226755966,um3
97,Spirulina platensis,10.0,100.0,um,rod,cyanobacteria,http://www.scielo.br/pdf/cta/v33s1/v33s1a26.pdf,1308.996939,um3
97,Spirulina platensis,10.0,10.0,um,rod,cyanobacteria,http://www.scielo.br/pdf/cta/v33s1/v33s1a26.pdf,602.138591938,um3
99,Staphylococcus xylosus,1.2,,um,Spherical,firmucutes,Bergey's Manual of Systematic Bacteriology: Volume 3: The Firmicutes,0.904778684234,um3
99,Staphylococcus xylosus,0.8,,um,Spherical,firmucutes,Bergey's Manual of Systematic Bacteriology: Volume 3: The Firmicutes,0.268082573106,um3
100,Streptococcus salivarius,1.0,,um,Spherical,firmucutes,https://books.google.co.uk/books?id=hPjpBwAAQBAJ&pg=PA114&dq=S.+salivarius+cell+diameter&hl=en&sa=X&ved=0ahUKEwjC0pCfkYrbAhXqK8AKHcGIB38Q6AEILDAB#v=onepage&q=S.%20salivarius%20cell%20diameter&f=false,0.523598775598,um3
100,Streptococcus salivarius,0.7,,um,Spherical,firmucutes,https://books.google.co.uk/books?id=hPjpBwAAQBAJ&pg=PA114&dq=S.+salivarius+cell+diameter&hl=en&sa=X&ved=0ahUKEwjC0pCfkYrbAhXqK8AKHcGIB38Q6AEILDAB#v=onepage&q=S.%20salivarius%20cell%20diameter&f=false,0.17959438003,um3
102,Sulfobacillus thermotolerans,0.8,1.5,um,rod,firmucutes,"Bergey's Manual of Systematic Bacteriology: Volume 3: The Firmicutes, pg.1184",1.21056036918,um3
102,Sulfobacillus thermotolerans,1.2,4.5,um,rod,firmucutes,"Bergey's Manual of Systematic Bacteriology: Volume 3: The Firmicutes, pg.1184",5.14592876658,um3
103,Sulfurihydrogenibium kristjanssonii,0.5,2.5,um,rod,Aquificae,https://www.researchgate.net/publication/5401401_Sulfurihydrogenibium_kristjanssonii_sp_nov_a_hydrogen-_and_sulfur-oxidizing_thermophile_isolated_from_a_terrestrial_Icelandic_hot_spring,1.0471975512,um3
103,Sulfurihydrogenibium kristjanssonii,0.5,1.5,um,rod,Aquificae,https://www.researchgate.net/publication/5401401_Sulfurihydrogenibium_kristjanssonii_sp_nov_a_hydrogen-_and_sulfur-oxidizing_thermophile_isolated_from_a_terrestrial_Icelandic_hot_spring,0.654498469498,um3
106,Thermacetogenium phaeum,0.7,12.6,um,rod,firmucutes,Bergey's Manual of Systematic Bacteriology: Volume 3: The Firmicutes,7.1068061812,um3
106,Thermacetogenium phaeum,0.4,2.0,um,rod,firmucutes,Bergey's Manual of Systematic Bacteriology: Volume 3: The Firmicutes,0.661828852356,um3
107,Thermoanaerobacter kivui,0.7,3.5,um,rod,firmucutes,Bergey's Manual of Systematic Bacteriology: Volume 3: The Firmicutes,2.10381988035,um3
107,Thermoanaerobacter kivui,0.7,2.0,um,rod,firmucutes,Bergey's Manual of Systematic Bacteriology: Volume 3: The Firmicutes,1.27915180879,um3
108,Thermoanaerobacter kivui,0.8,7.5,um,rod,firmucutes,Bergey's Manual of Systematic Bacteriology: Volume 3: The Firmicutes,4.98047155349,um3
108,Thermoanaerobacter kivui,0.7,5.5,um,rod,firmucutes,Bergey's Manual of Systematic Bacteriology: Volume 3: The Firmicutes,3.20337730911,um3
109,Thermoanaerobacter mathranii,0.7,3.9,um,rod,firmucutes,Bergey's Manual of Systematic Bacteriology: Volume 3: The Firmicutes,2.32373136611,um3
109,Thermoanaerobacter mathranii,0.7,1.8,um,rod,firmucutes,Bergey's Manual of Systematic Bacteriology: Volume 3: The Firmicutes,1.16919606591,um3
110,Thermoanaerobacter siderophilus,0.6,9.0,um,rod,firmucutes,Bergey's Manual of Systematic Bacteriology: Volume 3: The Firmicutes,4.35424741788,um3
110,Thermoanaerobacter siderophilus,0.4,3.5,um,rod,firmucutes,Bergey's Manual of Systematic Bacteriology: Volume 3: The Firmicutes,1.13306775039,um3
111,Thermoanaerobacterium thermosulfurigenes,2.0,20.0,um,rod,firmucutes,Bergey's Manual of Systematic Bacteriology: Volume 3: The Firmicutes,35.6047167407,um3
111,Thermoanaerobacterium thermosulfurigenes,0.5,2.0,um,rod,firmucutes,Bergey's Manual of Systematic Bacteriology: Volume 3: The Firmicutes,0.850848010347,um3
112,Thermosipho japonicus,1.0,10.0,um,rod,Thermotogae,http://www.microbiologyresearch.org/docserver/fulltext/ijsem/24/1/ijs-24-1-102.pdf?expires=1528305850&id=id&accname=guest&checksum=8DC77D535F45C14893CBC3DA8FF46484,8.37758040957,um3
112,Thermosipho japonicus,4.0,40.0,um,rod,Thermotogae,http://www.microbiologyresearch.org/docserver/fulltext/ijsem/24/1/ijs-24-1-102.pdf?expires=1528305850&id=id&accname=guest&checksum=8DC77D535F45C14893CBC3DA8FF46484,159.174027782,um3
113,Thermus thermophilus,0.5,3.0,um,rod,Deinococcus-Thermus,https://onlinelibrary.wiley.com/doi/pdf/10.1002/9781118960608.gbm00477.pub2,1.24354709205,um3
113,Thermus thermophilus,0.5,3.0,um,rod,Deinococcus-Thermus,https://onlinelibrary.wiley.com/doi/pdf/10.1002/9781118960608.gbm00477.pub2,1.24354709205,um3
115,Trichormus variabilis,7.4,14.8,um,oval,cyanobacteria,http://www.microbiologyresearch.org/docserver/fulltext/ijsem/55/1/11.pdf?expires=1528306749&id=id&accname=guest&checksum=39CA557801A7F9B24A649DBDEEE3E978,424.349580486,um3
115,Trichormus variabilis,7.4,12.3,um,oval,cyanobacteria,http://www.microbiologyresearch.org/docserver/fulltext/ijsem/55/1/11.pdf?expires=1528306749&id=id&accname=guest&checksum=39CA557801A7F9B24A649DBDEEE3E978,352.668908107,um3
116,Xanthomonas campestris,0.75,2.17,um,rod,proteobacteria,https://books.google.co.uk/books?id=8A_yBwAAQBAJ&pg=PA191&lpg=PA191&dq=Xanthomonas+campestris+cell+width&source=bl&ots=LCjaeonYF-&sig=cHYPUCF7EAQ6Dq8eV8xlGskcvMA&hl=en&sa=X&ved=0ahUKEwiO6IXQs5nbAhUMthQKHckwA9o4ChDoAQhDMAc#v=onepage&q=Xanthomonas%20campestris%20cell%20width&f=false,1.49912874438,um3
116,Xanthomonas campestris,0.55,1.35,um,rod,proteobacteria,https://books.google.co.uk/books?id=8A_yBwAAQBAJ&pg=PA191&lpg=PA191&dq=Xanthomonas+campestris+cell+width&source=bl&ots=LCjaeonYF-&sig=cHYPUCF7EAQ6Dq8eV8xlGskcvMA&hl=en&sa=X&ved=0ahUKEwiO6IXQs5nbAhUMthQKHckwA9o4ChDoAQhDMAc#v=onepage&q=Xanthomonas%20campestris%20cell%20width&f=false,0.670271882613,um3
117,Xylella fastidiosa,0.35,3.5,um,rod,proteobacteria,http://aem.asm.org/content/73/8/2690.full?view=long&pmid=17293518,0.984562047666,um3
117,Xylella fastidiosa,0.25,0.9,um,rod,proteobacteria,http://aem.asm.org/content/73/8/2690.full?view=long&pmid=17293518,0.184895817633,um3
118,Yersinia enterocolitica,0.5,1.0,um,rod,proteobacteria,http://www.elsevier.es/es-revista-enfermedades-infecciosas-microbiologia-clinica-28-articulo-yersinia-enterocolitica-pathogenesis-virulence-antimicrobial-S0213005X11002655?referer=buscador,0.458148928649,um3
118,Yersinia enterocolitica,0.8,3.0,um,rod,proteobacteria,http://www.elsevier.es/es-revista-enfermedades-infecciosas-microbiologia-clinica-28-articulo-yersinia-enterocolitica-pathogenesis-virulence-antimicrobial-S0213005X11002655?referer=buscador,2.15303816526,um3
