,GenusSpecies,Volumes,AverageVolume,VolumeUnit,Shape,Phylum,Sources,Notes
0,Acutodesmus acuminatus,1.753e-15,1.75e-15,m^3,DoubleCone,Chlorophyta,https://esajournals.onlinelibrary.wiley.com/doi/abs/10.1890/12-2060.1 (BioTraits),Acutodesmus acuminatus also is know as Scenedesmus acuminatus
1,Alexandrium catenella,9.740000000000001e-15,9.74e-15,m^3,,,https://esajournals.onlinelibrary.wiley.com/doi/abs/10.1890/12-2060.1 (BioTraits),
2,Alexandrium ostenfeldii,1.44e-14,2.04e-14,m^3,,,https://esajournals.onlinelibrary.wiley.com/doi/abs/10.1890/12-2060.1 (BioTraits),
3,Alexandrium ostenfeldii,1.85e-14,2.04e-14,m^3,,,https://esajournals.onlinelibrary.wiley.com/doi/abs/10.1890/12-2060.1 (BioTraits),
4,Alexandrium ostenfeldii,2.82e-14,2.04e-14,m^3,,,https://esajournals.onlinelibrary.wiley.com/doi/abs/10.1890/12-2060.1 (BioTraits),
5,Alexandrium tamarense,8.84e-15,8.84e-15,m^3,,,https://esajournals.onlinelibrary.wiley.com/doi/abs/10.1890/12-2060.1 (BioTraits),
6,Amphidinium klebsii,1.11e-14,1.11e-14,m^3,,,https://esajournals.onlinelibrary.wiley.com/doi/abs/10.1890/12-2060.1 (BioTraits),
7,Amphiprora paludosa,1.9300000000000002e-15,1.93e-15,m^3,,Bacillariophyta,https://esajournals.onlinelibrary.wiley.com/doi/abs/10.1890/12-2060.1 (BioTraits),
8,Ankistrodesmus falcatus,2.83e-16,2.83e-16,m^3,,Chlorophyta,https://esajournals.onlinelibrary.wiley.com/doi/abs/10.1890/12-2060.1 (BioTraits),
9,Asterionella formosa,2.53e-15,2.53e-15,m^3,,Bacillariophyta,https://esajournals.onlinelibrary.wiley.com/doi/abs/10.1890/12-2060.1 (BioTraits),
10,Asterionellopsis glacialis,4.4399999999999996e-15,4.44e-15,m^3,,Bacillariophyta,https://esajournals.onlinelibrary.wiley.com/doi/abs/10.1890/12-2060.1 (BioTraits),
11,Aulacoseira subarctica,1.77e-17,1.60e-15,m^3,cylindrical,Bacillariophyta,https://www.tandfonline.com/doi/abs/10.1080/0967026031000094102,cell length:2.5-18.0; cell width:3.0-15.0 (micrometers)
12,Aulacoseira subarctica,3.18e-15,1.60e-15,m^3,cylindrical,Bacillariophyta,https://www.tandfonline.com/doi/abs/10.1080/0967026031000094102,cell length:2.5-18.0; cell width:3.0-15.0 (micrometers)
13,Calciodinellum albatrosianum,1.26e-16,1.26e-16,m^3,,,https://esajournals.onlinelibrary.wiley.com/doi/abs/10.1890/12-2060.1 (BioTraits),
15,Ceratium furca,1.26e-13,1.26e-13,m^3,,,https://esajournals.onlinelibrary.wiley.com/doi/abs/10.1890/12-2060.1 (BioTraits),
17,Ceratium fusus,4.9087e-14,1.14e-13,m^3,,,https://esajournals.onlinelibrary.wiley.com/doi/abs/10.1890/12-2060.1 (BioTraits),
18,Ceratium fusus,1.7800000000000002e-13,1.14e-13,m^3,,,https://esajournals.onlinelibrary.wiley.com/doi/abs/10.1890/12-2060.1 (BioTraits),
19,Chaetoceros affinis,1.9600000000000003e-15,1.96e-15,m^3,,Bacillariophyta,"Edwards, K. F., Klausmeier, C. A. and Litchman, E. (2015), Nutrient utilization traits of phytoplankton. Ecology, 96: 2311. doi:10.1890/14-2252.1",Saujanya’s data
20,Chaetoceros calcitrans,1.54e-17,6.43e-17,m^3,,Bacillariophyta,"Sofía Sal, Ángel López-Urrutia, Xabier Irigoien, Derek S. Harbour, and Roger P. Harris 2013. Marine microplankton diversity database. Ecology 94:1658. http://dx.doi.org/10.1890/13-0236.5",Saujanya’s data – Cell Volume 2
21,Chaetoceros calcitrans,2.04e-17,6.43e-17,m^3,,Bacillariophyta,"Sofía Sal, Ángel López-Urrutia, Xabier Irigoien, Derek S. Harbour, and Roger P. Harris 2013. Marine microplankton diversity database. Ecology 94:1658. http://dx.doi.org/10.1890/13-0236.5",Saujanya’s data – Cell Volume 3
22,Chaetoceros calcitrans,1.57e-16,6.43e-17,m^3,,Bacillariophyta,"Olenina, I., Hajdu, S., Edler, L., Andersson, A., Wasmund, N., Busch, S., Göbel, J., Gromisz, S., Huseby, S., Huttunen, M., Jaanus, A., Kokkonen, P., Ledaine, I. and Niemkiewicz, E. 2006. Biovolumes and size-classes of phytoplankton in the Baltic Sea. HEL",Saujanya’s data – Cell Volume mean
23,Chaetoceros criophilus,3.8e-14,3.80e-14,m^3,,Bacillariophyta,https://esajournals.onlinelibrary.wiley.com/doi/abs/10.1890/12-2060.1 (BioTraits),
25,Chaetoceros didymus,2.36e-16,4.39e-16,m^3,,Bacillariophyta,"Leblanc, Karine; Arístegui Ruiz, Javier; Armand, L; Assmy, P; Beker, B; Bode, Antonio; Breton, E; Cornet, V; Gibson, J; Gosselin, M-P; Kopczynska, EE; Marshall, Harold G; Peloquin, Jill M; Piontkovski, S; Poulton, Alex J; Quéguiner, Bernard; Schiebel, Ralf; Shipe, R; Stefels, Jacqueline; van Leeuwe, Maria A; Varela, M; Widdicombe, Claire E; Yallop, M (2012): A global diatom database - abundance, biovolume and biomass in the world ocean. Earth System Science Data, 4, 149-165, doi:10.5194/essd-4-149-2012. CC-BY",Saujanya’s data – Cell Volume mean
26,Chaetoceros didymus,6.43e-16,4.39e-16,m^3,,Bacillariophyta,"Sofía Sal, Ángel López-Urrutia, Xabier Irigoien, Derek S. Harbour, and Roger P. Harris 2013. Marine microplankton diversity database. Ecology 94:1658. http://dx.doi.org/10.1890/13-0236.5",Saujanya’s data – Cell Volume 2
27,Chaetoceros gracilis,2.83e-16,2.83e-16,m^3,,Bacillariophyta,"Leblanc, Karine; Arístegui Ruiz, Javier; Armand, L; Assmy, P; Beker, B; Bode, Antonio; Breton, E; Cornet, V; Gibson, J; Gosselin, M-P; Kopczynska, EE; Marshall, Harold G; Peloquin, Jill M; Piontkovski, S; Poulton, Alex J; Quéguiner, Bernard; Schiebel, Ralf; Shipe, R; Stefels, Jacqueline; van Leeuwe, Maria A; Varela, M; Widdicombe, Claire E; Yallop, M (2012): A global diatom database - abundance, biovolume and biomass in the world ocean. Earth System Science Data, 4, 149-165, doi:10.5194/essd-4-149-2012. CC-BY",Saujanya’s data
28,Chaetoceros lorenzianus,7.999999999999999e-15,8.00e-15,m^3,,Bacillariophyta,"Edwards, K. F., Klausmeier, C. A. and Litchman, E. (2015), Nutrient utilization traits of phytoplankton. Ecology, 96: 2311. doi:10.1890/14-2252.1",Saujanya’s data
29,Chaetoceros simplex,1.27e-16,1.68e-16,m^3,,Bacillariophyta,https://esajournals.onlinelibrary.wiley.com/doi/abs/10.1890/12-2060.1 (BioTraits),
30,Chaetoceros simplex,1.55e-16,1.68e-16,m^3,,Bacillariophyta,https://esajournals.onlinelibrary.wiley.com/doi/abs/10.1890/12-2060.1 (BioTraits),
31,Chaetoceros simplex,1.5900000000000002e-16,1.68e-16,m^3,,Bacillariophyta,https://esajournals.onlinelibrary.wiley.com/doi/abs/10.1890/12-2060.1 (BioTraits),
32,Chaetoceros simplex,1.6599999999999999e-16,1.68e-16,m^3,,Bacillariophyta,https://esajournals.onlinelibrary.wiley.com/doi/abs/10.1890/12-2060.1 (BioTraits),
33,Chaetoceros simplex,1.8300000000000002e-16,1.68e-16,m^3,,Bacillariophyta,https://esajournals.onlinelibrary.wiley.com/doi/abs/10.1890/12-2060.1 (BioTraits),
34,Chaetoceros simplex,1.89e-16,1.68e-16,m^3,,Bacillariophyta,https://esajournals.onlinelibrary.wiley.com/doi/abs/10.1890/12-2060.1 (BioTraits),
35,Chaetoceros simplex,1.96e-16,1.68e-16,m^3,,Bacillariophyta,https://esajournals.onlinelibrary.wiley.com/doi/abs/10.1890/12-2060.1 (BioTraits),
38,Chlamydomonas intermedia,6.5e-17,6.50e-17,m^3,,Chlorophyta,https://esajournals.onlinelibrary.wiley.com/doi/abs/10.1890/12-2060.1 (BioTraits),
40,Chlamydomonas subcaudata,1.44e-16,1.44e-16,m^3,,Chlorophyta,https://esajournals.onlinelibrary.wiley.com/doi/abs/10.1890/12-2060.1 (BioTraits),
42,Chlorella vulgaris,1.11e-17,1.11e-17,m^3,,Chlorophyta,https://esajournals.onlinelibrary.wiley.com/doi/abs/10.1890/12-2060.1 (BioTraits),
43,Cladophora glomerata,1.26e-13,1.63e-12,m^3,cylindrical,Chlorophyta,https://www.sciencedirect.com/science/article/pii/0921510795013156,"108 mg biomass; cell width: 40-100 um, cell length: 100-400 um"
44,Cladophora glomerata,3.14e-12,1.63e-12,m^3,cylindrical,Chlorophyta,https://esajournals.onlinelibrary.wiley.com/doi/abs/10.1890/12-2060.1 (BioTraits),"109 mg biomass; cell width: 40-100 um, cell length: 100-400 um"
45,Closterium acutum,9e-16,9.00e-16,m^3,,Streptophyta,https://esajournals.onlinelibrary.wiley.com/doi/abs/10.1890/12-2060.1 (BioTraits),
47,Closterium limneticum,5.229999999999999e-15,5.23e-15,m^3,,Streptophyta,https://esajournals.onlinelibrary.wiley.com/doi/abs/10.1890/12-2060.1 (BioTraits),
48,Cochlodinium polykrikoides,2.46e-14,2.46e-14,m^3,,,https://esajournals.onlinelibrary.wiley.com/doi/abs/10.1890/12-2060.1 (BioTraits),
49,Coolia monotis,1.66e-14,1.66e-14,m^3,,,https://esajournals.onlinelibrary.wiley.com/doi/abs/10.1890/12-2060.1 (BioTraits),
50,Coscinodiscus concinnus,3.5599999999999998e-12,7.29e-12,m^3,,Bacillariophyta,https://esajournals.onlinelibrary.wiley.com/doi/abs/10.1890/12-2060.1 (BioTraits),
51,Coscinodiscus concinnus,4.8e-12,7.29e-12,m^3,,Bacillariophyta,https://esajournals.onlinelibrary.wiley.com/doi/abs/10.1890/12-2060.1 (BioTraits),
52,Coscinodiscus concinnus,5.3899999999999994e-12,7.29e-12,m^3,,Bacillariophyta,https://esajournals.onlinelibrary.wiley.com/doi/abs/10.1890/12-2060.1 (BioTraits),
53,Coscinodiscus concinnus,5.4500000000000004e-12,7.29e-12,m^3,,Bacillariophyta,https://esajournals.onlinelibrary.wiley.com/doi/abs/10.1890/12-2060.1 (BioTraits),
54,Coscinodiscus concinnus,1.0300000000000001e-11,7.29e-12,m^3,,Bacillariophyta,https://esajournals.onlinelibrary.wiley.com/doi/abs/10.1890/12-2060.1 (BioTraits),
55,Coscinodiscus concinnus,1.06e-11,7.29e-12,m^3,,Bacillariophyta,https://esajournals.onlinelibrary.wiley.com/doi/abs/10.1890/12-2060.1 (BioTraits),
56,Coscinodiscus concinnus,1.0900000000000001e-11,7.29e-12,m^3,,Bacillariophyta,https://esajournals.onlinelibrary.wiley.com/doi/abs/10.1890/12-2060.1 (BioTraits),
57,Coscinodiscus excentricus,4.91e-14,4.91e-14,m^3,,Bacillariophyta,"Leblanc, Karine; Arístegui Ruiz, Javier; Armand, L; Assmy, P; Beker, B; Bode, Antonio; Breton, E; Cornet, V; Gibson, J; Gosselin, M-P; Kopczynska, EE; Marshall, Harold G; Peloquin, Jill M; Piontkovski, S; Poulton, Alex J; Quéguiner, Bernard; Schiebel, Ralf; Shipe, R; Stefels, Jacqueline; van Leeuwe, Maria A; Varela, M; Widdicombe, Claire E; Yallop, M (2012): A global diatom database - abundance, biovolume and biomass in the world ocean. Earth System Science Data, 4, 149-165, doi:10.5194/essd-4-149-2012. CC-BY",
58,Cosmarium abbreviatum,3.7e-15,3.70e-15,m^3,,Streptophyta,https://esajournals.onlinelibrary.wiley.com/doi/abs/10.1890/12-2060.1 (BioTraits),
59,Cosmarium beatum,9.795999999999999e-15,9.80e-15,m^3,,Streptophyta,https://esajournals.onlinelibrary.wiley.com/doi/abs/10.1890/12-2060.1 (BioTraits),
60,Cosmarium biretum,2.2e-14,2.20e-14,m^3,,Streptophyta,https://esajournals.onlinelibrary.wiley.com/doi/abs/10.1890/12-2060.1 (BioTraits),
61,Cosmarium crenatum,9.378e-15,9.38e-15,m^3,,Streptophyta,https://esajournals.onlinelibrary.wiley.com/doi/abs/10.1890/12-2060.1 (BioTraits),
63,Cosmarium meneghinii,1.151e-15,1.15e-15,m^3,,Streptophyta,https://esajournals.onlinelibrary.wiley.com/doi/abs/10.1890/12-2060.1 (BioTraits),
64,Cosmarium punctulatum,8.09e-15,9.73e-15,m^3,,Streptophyta,https://esajournals.onlinelibrary.wiley.com/doi/abs/10.1890/12-2060.1 (BioTraits),
65,Cosmarium punctulatum,1.1368e-14,9.73e-15,m^3,,Streptophyta,https://esajournals.onlinelibrary.wiley.com/doi/abs/10.1890/12-2060.1 (BioTraits),
66,Cosmarium regnesii,5.190000000000001e-16,5.19e-16,m^3,,Streptophyta,https://esajournals.onlinelibrary.wiley.com/doi/abs/10.1890/12-2060.1 (BioTraits),
68,Cryptomonas marssonii,2.59e-15,2.59e-15,m^3,,Cryptophyta,https://esajournals.onlinelibrary.wiley.com/doi/abs/10.1890/12-2060.1 (BioTraits),
69,Cyclotella meneghiniana,1.82e-15,1.82e-15,m^3,,Bacillariophyta,https://esajournals.onlinelibrary.wiley.com/doi/abs/10.1890/12-2060.1 (BioTraits),
70,Cylindrotheca closterium,8.01e-17,1.36e-16,m^3,,Bacillariophyta,https://esajournals.onlinelibrary.wiley.com/doi/abs/10.1890/12-2060.1 (BioTraits),
71,Cylindrotheca closterium,1.49e-16,1.36e-16,m^3,,Bacillariophyta,"Sofía Sal, Ángel López-Urrutia, Xabier Irigoien, Derek S. Harbour, and Roger P. Harris 2013. Marine microplankton diversity database. Ecology 94:1658. http://dx.doi.org/10.1890/13-0236.5",
72,Cylindrotheca closterium,1.8000000000000002e-16,1.36e-16,m^3,,Bacillariophyta,"Olenina, I., Hajdu, S., Edler, L., Andersson, A., Wasmund, N., Busch, S., Göbel, J., Gromisz, S., Huseby, S., Huttunen, M., Jaanus, A., Kokkonen, P., Ledaine, I. and Niemkiewicz, E. 2006. Biovolumes and size-classes of phytoplankton in the Baltic Sea. HEL",
74,Dactyliosolen fragilissimus,1.31e-14,6.66e-14,m^3,,Bacillariophyta,https://esajournals.onlinelibrary.wiley.com/doi/abs/10.1890/12-2060.1 (BioTraits),
75,Dactyliosolen fragilissimus,1.2016600000000002e-13,6.66e-14,m^3,,Bacillariophyta,https://esajournals.onlinelibrary.wiley.com/doi/abs/10.1890/12-2060.1 (BioTraits),
76,Desmidium swartzii,3.93e-14,3.93e-14,m^3,,Streptophyta,https://esajournals.onlinelibrary.wiley.com/doi/abs/10.1890/12-2060.1 (BioTraits),
77,Desmodesmus abundans,1.24e-16,1.24e-16,m^3,,Chlorophyta,"Olenina, I., Hajdu, S., Edler, L., Andersson, A., Wasmund, N., Busch, S., Göbel, J., Gromisz, S., Huseby, S., Huttunen, M., Jaanus, A., Kokkonen, P., Ledaine, I. and Niemkiewicz, E. 2006. Biovolumes and size-classes of phytoplankton in the Baltic Sea. HEL",
78,Desmodesmus quadricauda,1.571e-15,1.57e-15,m^3,,Chlorophyta,https://esajournals.onlinelibrary.wiley.com/doi/abs/10.1890/12-2060.1 (BioTraits),
80,Detonula confervacea,2.9899999999999997e-15,2.99e-15,m^3,,Bacillariophyta,https://esajournals.onlinelibrary.wiley.com/doi/abs/10.1890/12-2060.1 (BioTraits),
81,Dinobryon divergens,2.34e-16,2.34e-16,m^3,,Ochrophyta,https://esajournals.onlinelibrary.wiley.com/doi/abs/10.1890/12-2060.1 (BioTraits),
82,Ditylum brightwellii,1.01e-14,8.25e-14,m^3,,Bacillariophyta,https://esajournals.onlinelibrary.wiley.com/doi/abs/10.1890/12-2060.1 (BioTraits),
83,Ditylum brightwellii,1.21e-14,8.25e-14,m^3,,Bacillariophyta,https://esajournals.onlinelibrary.wiley.com/doi/abs/10.1890/12-2060.1 (BioTraits),
84,Ditylum brightwellii,1.26e-14,8.25e-14,m^3,,Bacillariophyta,https://esajournals.onlinelibrary.wiley.com/doi/abs/10.1890/12-2060.1 (BioTraits),
85,Ditylum brightwellii,1.9e-14,8.25e-14,m^3,,Bacillariophyta,https://esajournals.onlinelibrary.wiley.com/doi/abs/10.1890/12-2060.1 (BioTraits),
86,Ditylum brightwellii,2.32e-14,8.25e-14,m^3,,Bacillariophyta,https://esajournals.onlinelibrary.wiley.com/doi/abs/10.1890/12-2060.1 (BioTraits),
87,Ditylum brightwellii,2.62e-14,8.25e-14,m^3,,Bacillariophyta,https://esajournals.onlinelibrary.wiley.com/doi/abs/10.1890/12-2060.1 (BioTraits),
88,Ditylum brightwellii,2.75e-13,8.25e-14,m^3,,Bacillariophyta,https://esajournals.onlinelibrary.wiley.com/doi/abs/10.1890/12-2060.1 (BioTraits),
89,Ditylum brightwellii,2.8199999999999996e-13,8.25e-14,m^3,,Bacillariophyta,https://esajournals.onlinelibrary.wiley.com/doi/abs/10.1890/12-2060.1 (BioTraits),
90,Dunaliella tertiolecta,1.29e-16,1.78e-16,m^3,,Chlorophyta,"Edwards, K. F., Klausmeier, C. A. and Litchman, E. (2015), Nutrient utilization traits of phytoplankton. Ecology, 96: 2311. doi:10.1890/14-2252.5",
91,Dunaliella tertiolecta,2.27e-16,1.78e-16,m^3,,Chlorophyta,https://esajournals.onlinelibrary.wiley.com/doi/abs/10.1890/12-2060.1 (BioTraits),
92,Eucampia zodiacus,2e-14,2.00e-14,m^3,,Bacillariophyta,https://esajournals.onlinelibrary.wiley.com/doi/abs/10.1890/12-2060.1 (BioTraits),
93,Fibrocapsa japonica,2.68e-15,4.17e-15,m^3,,Ochrophyta,https://esajournals.onlinelibrary.wiley.com/doi/abs/10.1890/12-2060.1 (BioTraits),
94,Fibrocapsa japonica,2.8300000000000002e-15,4.17e-15,m^3,,Ochrophyta,https://esajournals.onlinelibrary.wiley.com/doi/abs/10.1890/12-2060.1 (BioTraits),
95,Fibrocapsa japonica,2.8600000000000003e-15,4.17e-15,m^3,,Ochrophyta,https://esajournals.onlinelibrary.wiley.com/doi/abs/10.1890/12-2060.1 (BioTraits),
96,Fibrocapsa japonica,3.01e-15,4.17e-15,m^3,,Ochrophyta,https://esajournals.onlinelibrary.wiley.com/doi/abs/10.1890/12-2060.1 (BioTraits),
97,Fibrocapsa japonica,3.0399999999999997e-15,4.17e-15,m^3,,Ochrophyta,https://esajournals.onlinelibrary.wiley.com/doi/abs/10.1890/12-2060.1 (BioTraits),
98,Fibrocapsa japonica,3.1899999999999998e-15,4.17e-15,m^3,,Ochrophyta,https://esajournals.onlinelibrary.wiley.com/doi/abs/10.1890/12-2060.1 (BioTraits),
99,Fibrocapsa japonica,3.3e-15,4.17e-15,m^3,,Ochrophyta,https://esajournals.onlinelibrary.wiley.com/doi/abs/10.1890/12-2060.1 (BioTraits),
100,Fibrocapsa japonica,3.4e-15,4.17e-15,m^3,,Ochrophyta,https://esajournals.onlinelibrary.wiley.com/doi/abs/10.1890/12-2060.1 (BioTraits),
101,Fibrocapsa japonica,3.8e-15,4.17e-15,m^3,,Ochrophyta,https://esajournals.onlinelibrary.wiley.com/doi/abs/10.1890/12-2060.1 (BioTraits),
102,Fibrocapsa japonica,4.020000000000001e-15,4.17e-15,m^3,,Ochrophyta,https://esajournals.onlinelibrary.wiley.com/doi/abs/10.1890/12-2060.1 (BioTraits),
103,Fibrocapsa japonica,4.379999999999999e-15,4.17e-15,m^3,,Ochrophyta,https://esajournals.onlinelibrary.wiley.com/doi/abs/10.1890/12-2060.1 (BioTraits),
104,Fibrocapsa japonica,4.41e-15,4.17e-15,m^3,,Ochrophyta,https://esajournals.onlinelibrary.wiley.com/doi/abs/10.1890/12-2060.1 (BioTraits),
105,Fibrocapsa japonica,5.17e-15,4.17e-15,m^3,,Ochrophyta,https://esajournals.onlinelibrary.wiley.com/doi/abs/10.1890/12-2060.1 (BioTraits),
106,Fibrocapsa japonica,5.24e-15,4.17e-15,m^3,,Ochrophyta,https://esajournals.onlinelibrary.wiley.com/doi/abs/10.1890/12-2060.1 (BioTraits),
107,Fibrocapsa japonica,5.74e-15,4.17e-15,m^3,,Ochrophyta,https://esajournals.onlinelibrary.wiley.com/doi/abs/10.1890/12-2060.1 (BioTraits),
108,Fibrocapsa japonica,6.1799999999999994e-15,4.17e-15,m^3,,Ochrophyta,https://esajournals.onlinelibrary.wiley.com/doi/abs/10.1890/12-2060.1 (BioTraits),
109,Fibrocapsa japonica,7.720000000000001e-15,4.17e-15,m^3,,Ochrophyta,https://esajournals.onlinelibrary.wiley.com/doi/abs/10.1890/12-2060.1 (BioTraits),
110,Fragilaria bidens,2.7999999999999996e-16,2.80e-16,m^3,,Bacillariophyta,"Edwards, K. F., Klausmeier, C. A. and Litchman, E. (2015), Nutrient utilization traits of phytoplankton. Ecology, 96: 2311. doi:10.1890/14-2252.1",
111,Fragilaria crotonensis,2.33e-16,2.33e-16,m^3,,Bacillariophyta,"Edwards, K. F., Klausmeier, C. A. and Litchman, E. (2015), Nutrient utilization traits of phytoplankton. Ecology, 96: 2311. doi:10.1890/14-2252.3",
112,Fragilariopsis cylindrus,2.36e-17,2.36e-17,m^3,,Bacillariophyta,https://esajournals.onlinelibrary.wiley.com/doi/abs/10.1890/12-2060.1 (BioTraits),
113,Fragilariopsis kerguelensis,8.25e-16,8.25e-16,m^3,,Bacillariophyta,https://esajournals.onlinelibrary.wiley.com/doi/abs/10.1890/12-2060.1 (BioTraits),
114,Gambierdiscus toxicus,8.41e-14,8.41e-14,m^3,,,https://esajournals.onlinelibrary.wiley.com/doi/abs/10.1890/12-2060.1 (BioTraits),
115,Gephyrocapsa oceanica,4.8e-17,4.80e-17,m^3,,Haptophyta,https://esajournals.onlinelibrary.wiley.com/doi/abs/10.1890/12-2060.1 (BioTraits),
116,Golenkinia radiata,1.02e-15,1.02e-15,m^3,,Chlorophyta,"Olenina, I., Hajdu, S., Edler, L., Andersson, A., Wasmund, N., Busch, S., Göbel, J., Gromisz, S., Huseby, S., Huttunen, M., Jaanus, A., Kokkonen, P., Ledaine, I. and Niemkiewicz, E. 2006. Biovolumes and size-classes of phytoplankton in the Baltic Sea. HEL",
117,Gonyostomum semen,9.540000000000001e-15,9.54e-15,m^3,,Ochrophyta,"Olenina, I., Hajdu, S., Edler, L., Andersson, A., Wasmund, N., Busch, S., Göbel, J., Gromisz, S., Huseby, S., Huttunen, M., Jaanus, A., Kokkonen, P., Ledaine, I. and Niemkiewicz, E. 2006. Biovolumes and size-classes of phytoplankton in the Baltic Sea. HEL",
118,Gymnodinium breve,6.03e-16,6.03e-16,m^3,,,https://esajournals.onlinelibrary.wiley.com/doi/abs/10.1890/12-2060.1 (BioTraits),
119,Gymnodinium catenatum,4.01e-14,4.52e-14,m^3,,,https://esajournals.onlinelibrary.wiley.com/doi/abs/10.1890/12-2060.1 (BioTraits),
120,Gymnodinium catenatum,5.04e-14,4.52e-14,m^3,,,https://esajournals.onlinelibrary.wiley.com/doi/abs/10.1890/12-2060.1 (BioTraits),
121,Gymnodinium corollarium,5.24e-15,5.24e-15,m^3,,,https://esajournals.onlinelibrary.wiley.com/doi/abs/10.1890/12-2060.1 (BioTraits),
122,Gymnodinium sanguineum,1.3200000000000002e-13,1.32e-13,m^3,,,https://esajournals.onlinelibrary.wiley.com/doi/abs/10.1890/12-2060.1 (BioTraits),
124,Haematococcus droebakensis,9.140000000000001e-15,9.14e-15,m^3,,Chlorophyta,https://esajournals.onlinelibrary.wiley.com/doi/abs/10.1890/12-2060.1 (BioTraits),
125,Hymenomonas carterae,7.35e-16,7.35e-16,m^3,,Haptophyta,"Olenina, I., Hajdu, S., Edler, L., Andersson, A., Wasmund, N., Busch, S., Göbel, J., Gromisz, S., Huseby, S., Huttunen, M., Jaanus, A., Kokkonen, P., Ledaine, I. and Niemkiewicz, E. 2006. Biovolumes and size-classes of phytoplankton in the Baltic Sea. HEL",
126,Isochrysis galbana,5.9e-17,5.90e-17,m^3,,Haptophyta,https://esajournals.onlinelibrary.wiley.com/doi/abs/10.1890/12-2060.1 (BioTraits),
127,Leonella granifera,5.24e-16,5.24e-16,m^3,,,https://esajournals.onlinelibrary.wiley.com/doi/abs/10.1890/12-2060.1 (BioTraits),
134,Mesotaenium kramstae,4.45e-15,4.45e-15,m^3,,Streptophyta,https://esajournals.onlinelibrary.wiley.com/doi/abs/10.1890/12-2060.1 (BioTraits),
136,Micrasterias americana,1.5800000000000001e-12,1.58e-12,m^3,,Streptophyta,https://esajournals.onlinelibrary.wiley.com/doi/abs/10.1890/12-2060.1 (BioTraits),
137,Monoraphidium contortum,8e-17,1.33e-16,m^3,,Chlorophyta,"Olenina, I., Hajdu, S., Edler, L., Andersson, A., Wasmund, N., Busch, S., Göbel, J., Gromisz, S., Huseby, S., Huttunen, M., Jaanus, A., Kokkonen, P., Ledaine, I. and Niemkiewicz, E. 2006. Biovolumes and size-classes of phytoplankton in the Baltic Sea. HEL",
138,Monoraphidium contortum,1.85e-16,1.33e-16,m^3,,Chlorophyta,"Olenina, I., Hajdu, S., Edler, L., Andersson, A., Wasmund, N., Busch, S., Göbel, J., Gromisz, S., Huseby, S., Huttunen, M., Jaanus, A., Kokkonen, P., Ledaine, I. and Niemkiewicz, E. 2006. Biovolumes and size-classes of phytoplankton in the Baltic Sea. HEL",
139,Monoraphidium griffithii,1.04e-16,1.27e-16,m^3,,Chlorophyta,"Olenina, I., Hajdu, S., Edler, L., Andersson, A., Wasmund, N., Busch, S., Göbel, J., Gromisz, S., Huseby, S., Huttunen, M., Jaanus, A., Kokkonen, P., Ledaine, I. and Niemkiewicz, E. 2006. Biovolumes and size-classes of phytoplankton in the Baltic Sea. HEL",
140,Monoraphidium griffithii,1.5100000000000001e-16,1.27e-16,m^3,,Chlorophyta,"Edwards, K. F., Klausmeier, C. A. and Litchman, E. (2015), Nutrient utilization traits of phytoplankton. Ecology, 96: 2311. doi:10.1890/14-2252.2",
141,Nannochloropsis oceanica,1.5e-17,1.50e-17,m^3,,Ochrophyta,https://esajournals.onlinelibrary.wiley.com/doi/abs/10.1890/12-2060.1 (BioTraits),
142,Navicula arenaria,4.16e-15,4.16e-15,m^3,,Bacillariophyta,https://esajournals.onlinelibrary.wiley.com/doi/abs/10.1890/12-2060.1 (BioTraits),
143,Nitzschia dissipata,2.43e-16,2.43e-16,m^3,,Bacillariophyta,https://esajournals.onlinelibrary.wiley.com/doi/abs/10.1890/12-2060.1 (BioTraits),
144,Nitzschia granii,4.25e-16,4.25e-16,m^3,,Bacillariophyta,https://esajournals.onlinelibrary.wiley.com/doi/abs/10.1890/12-2060.1 (BioTraits),
145,Nitzschia seriata,4.3600000000000003e-16,6.17e-16,m^3,,Bacillariophyta,https://esajournals.onlinelibrary.wiley.com/doi/abs/10.1890/12-2060.1 (BioTraits),
146,Nitzschia seriata,4.75e-16,6.17e-16,m^3,,Bacillariophyta,https://esajournals.onlinelibrary.wiley.com/doi/abs/10.1890/12-2060.1 (BioTraits),
147,Nitzschia seriata,5.24e-16,6.17e-16,m^3,,Bacillariophyta,https://esajournals.onlinelibrary.wiley.com/doi/abs/10.1890/12-2060.1 (BioTraits),
148,Nitzschia seriata,6.2199999999999995e-16,6.17e-16,m^3,,Bacillariophyta,https://esajournals.onlinelibrary.wiley.com/doi/abs/10.1890/12-2060.1 (BioTraits),
149,Nitzschia seriata,7.11e-16,6.17e-16,m^3,,Bacillariophyta,https://esajournals.onlinelibrary.wiley.com/doi/abs/10.1890/12-2060.1 (BioTraits),
150,Nitzschia seriata,7.200000000000001e-16,6.17e-16,m^3,,Bacillariophyta,https://esajournals.onlinelibrary.wiley.com/doi/abs/10.1890/12-2060.1 (BioTraits),
151,Nitzschia seriata,8.279999999999999e-16,6.17e-16,m^3,,Bacillariophyta,https://esajournals.onlinelibrary.wiley.com/doi/abs/10.1890/12-2060.1 (BioTraits),
152,Nitzschia sigma,3.3e-15,3.30e-15,m^3,,Bacillariophyta,https://esajournals.onlinelibrary.wiley.com/doi/abs/10.1890/12-2060.1 (BioTraits),
153,Odontella aurita,5.06e-15,1.25e-14,m^3,,Bacillariophyta,https://esajournals.onlinelibrary.wiley.com/doi/abs/10.1890/12-2060.1 (BioTraits),
154,Odontella aurita,7.0599999999999995e-15,1.25e-14,m^3,,Bacillariophyta,https://esajournals.onlinelibrary.wiley.com/doi/abs/10.1890/12-2060.1 (BioTraits),
155,Odontella aurita,8.28e-15,1.25e-14,m^3,,Bacillariophyta,https://esajournals.onlinelibrary.wiley.com/doi/abs/10.1890/12-2060.1 (BioTraits),
156,Odontella aurita,1.97e-14,1.25e-14,m^3,,Bacillariophyta,https://esajournals.onlinelibrary.wiley.com/doi/abs/10.1890/12-2060.1 (BioTraits),
157,Odontella aurita,2.23e-14,1.25e-14,m^3,,Bacillariophyta,https://esajournals.onlinelibrary.wiley.com/doi/abs/10.1890/12-2060.1 (BioTraits),
158,Odontella mobilensis,2.77e-14,2.77e-14,m^3,,Bacillariophyta,https://esajournals.onlinelibrary.wiley.com/doi/abs/10.1890/12-2060.1 (BioTraits),
159,Odontella sinensis,3.2799999999999997e-13,3.28e-13,M^3,,Bacillariophyta,http://www.esapubs.org/archive/ecol/E094/149/metadata.php,
160,Olisthodiscus luteus,1.15e-15,1.15e-15,m^3,,Ochrophyta,https://esajournals.onlinelibrary.wiley.com/doi/abs/10.1890/12-2060.1 (BioTraits),
162,Ostreopsis heptagona,2e-13,2.00e-13,m^3,,,https://esajournals.onlinelibrary.wiley.com/doi/abs/10.1890/12-2060.1 (BioTraits),
163,Ostreopsis siamensis,6.47e-14,6.47e-14,m^3,,,https://esajournals.onlinelibrary.wiley.com/doi/abs/10.1890/12-2060.1 (BioTraits),
166,Phaeodactylum tricornutum,5.46e-18,7.11e-17,m^3,,Bacillariophyta,https://esajournals.onlinelibrary.wiley.com/doi/abs/10.1890/12-2060.1 (BioTraits),
167,Phaeodactylum tricornutum,6.39e-18,7.11e-17,m^3,,Bacillariophyta,https://esajournals.onlinelibrary.wiley.com/doi/abs/10.1890/12-2060.1 (BioTraits),
168,Phaeodactylum tricornutum,8.800000000000001e-18,7.11e-17,m^3,,Bacillariophyta,https://esajournals.onlinelibrary.wiley.com/doi/abs/10.1890/12-2060.1 (BioTraits),
169,Phaeodactylum tricornutum,9.28e-18,7.11e-17,m^3,,Bacillariophyta,https://esajournals.onlinelibrary.wiley.com/doi/abs/10.1890/12-2060.1 (BioTraits),
170,Phaeodactylum tricornutum,1.27e-17,7.11e-17,m^3,,Bacillariophyta,https://esajournals.onlinelibrary.wiley.com/doi/abs/10.1890/12-2060.1 (BioTraits),
171,Phaeodactylum tricornutum,1.11e-16,7.11e-17,m^3,,Bacillariophyta,https://esajournals.onlinelibrary.wiley.com/doi/abs/10.1890/12-2060.1 (BioTraits),
172,Phaeodactylum tricornutum,1.1299999999999999e-16,7.11e-17,m^3,,Bacillariophyta,https://esajournals.onlinelibrary.wiley.com/doi/abs/10.1890/12-2060.1 (BioTraits),
173,Phaeodactylum tricornutum,1.1599999999999999e-16,7.11e-17,m^3,,Bacillariophyta,https://esajournals.onlinelibrary.wiley.com/doi/abs/10.1890/12-2060.1 (BioTraits),
174,Phaeodactylum tricornutum,1.1899999999999999e-16,7.11e-17,m^3,,Bacillariophyta,https://esajournals.onlinelibrary.wiley.com/doi/abs/10.1890/12-2060.1 (BioTraits),
175,Phaeodactylum tricornutum,1.28e-16,7.11e-17,m^3,,Bacillariophyta,https://esajournals.onlinelibrary.wiley.com/doi/abs/10.1890/12-2060.1 (BioTraits),
176,Phaeodactylum tricornutum,1.52e-16,7.11e-17,m^3,,Bacillariophyta,https://esajournals.onlinelibrary.wiley.com/doi/abs/10.1890/12-2060.1 (BioTraits),
177,Pontosphaera huxleyi,3.56e-17,3.56e-17,m^3,,Haptophyta,https://esajournals.onlinelibrary.wiley.com/doi/abs/10.1890/12-2060.1 (BioTraits),
178,Proboscia inermis,1.26e-14,1.26e-14,m^3,,Bacillariophyta,http://www.esapubs.org/archive/ecol/E094/149/metadata.php,
179,Prorocentrum concavum,6.87e-14,6.87e-14,m^3,,Myzozoa,https://esajournals.onlinelibrary.wiley.com/doi/abs/10.1890/12-2060.1 (BioTraits),
181,Prorocentrum gracile,2.36e-15,2.36e-15,m^3,,,https://esajournals.onlinelibrary.wiley.com/doi/abs/10.1890/12-2060.1 (BioTraits),
182,Prorocentrum lima,2.36e-14,2.36e-14,m^3,,,https://esajournals.onlinelibrary.wiley.com/doi/abs/10.1890/12-2060.1 (BioTraits),
183,Prorocentrum mexicanum,7.137e-15,7.14e-15,m^3,,,https://esajournals.onlinelibrary.wiley.com/doi/abs/10.1890/12-2060.1 (BioTraits),
184,Prorocentrum micans,1.63e-14,1.63e-14,m^3,,,https://esajournals.onlinelibrary.wiley.com/doi/abs/10.1890/12-2060.1 (BioTraits),
185,Prorocentrum minimum,2.07e-15,2.07e-15,m^3,,,https://esajournals.onlinelibrary.wiley.com/doi/abs/10.1890/12-2060.1 (BioTraits),
186,Prymnesium polylepis,1.8000000000000002e-16,1.80e-16,m^3,,Haptophyta,https://esajournals.onlinelibrary.wiley.com/doi/abs/10.1890/12-2060.1 (BioTraits),
187,Pseudo-nitzschia pseudodelicatissima,2.98e-16,2.98e-16,m^3,,Bacillariophyta,https://esajournals.onlinelibrary.wiley.com/doi/abs/10.1890/12-2060.1 (BioTraits),
188,Pseudo-nitzschia seriata,1.1099999999999999e-15,1.11e-15,m^3,,Bacillariophyta,https://esajournals.onlinelibrary.wiley.com/doi/abs/10.1890/12-2060.1 (BioTraits),
189,Pseudo-nitzschia turgiduloides,2.82e-16,2.82e-16,m^3,,Bacillariophyta,https://esajournals.onlinelibrary.wiley.com/doi/abs/10.1890/12-2060.1 (BioTraits),
190,Pyrodinium bahamense,2.17e-14,2.17e-14,m^3,,,https://esajournals.onlinelibrary.wiley.com/doi/abs/10.1890/12-2060.1 (BioTraits),
191,Rhizosolenia setigera,7.549999999999999e-16,7.55e-16,m^3,,Bacillariophyta,https://esajournals.onlinelibrary.wiley.com/doi/abs/10.1890/12-2060.1 (BioTraits),
192,Scenedesmus acuminatus,1.753e-15,1.75e-15,m^3,,Chlorophyta,https://esajournals.onlinelibrary.wiley.com/doi/abs/10.1890/12-2060.1 (BioTraits),
193,Scenedesmus acutus,1.72e-16,1.72e-16,m^3,,Chlorophyta,https://esajournals.onlinelibrary.wiley.com/doi/abs/10.1890/12-2060.1 (BioTraits),
197,Scenedesmus quadricauda,2.76e-16,2.76e-16,m^3,,Chlorophyta,https://esajournals.onlinelibrary.wiley.com/doi/abs/10.1890/12-2060.1 (BioTraits),
198,Scrippsiella trochoidea,8.47e-15,8.47e-15,m^3,,,https://esajournals.onlinelibrary.wiley.com/doi/abs/10.1890/12-2060.1 (BioTraits),
199,Skeletonema costatum,2.58e-16,3.17e-16,m^3,,Bacillariophyta,https://esajournals.onlinelibrary.wiley.com/doi/abs/10.1890/12-2060.1 (BioTraits),
200,Skeletonema costatum,3.76e-16,3.17e-16,m^3,,Bacillariophyta,https://esajournals.onlinelibrary.wiley.com/doi/abs/10.1890/12-2060.1 (BioTraits),
201,Skeletonema japonicum,3.27e-16,3.27e-16,m^3,,Bacillariophyta,https://esajournals.onlinelibrary.wiley.com/doi/abs/10.1890/12-2060.1 (BioTraits),
203,Skeletonema menzellii,5.649999999999999e-17,5.65e-17,m^3,,Bacillariophyta,https://esajournals.onlinelibrary.wiley.com/doi/abs/10.1890/12-2060.1 (BioTraits),
204,Skeletonema tropicum,2.5e-15,2.50e-15,m^3,,Bacillariophyta,https://esajournals.onlinelibrary.wiley.com/doi/abs/10.1890/12-2060.1 (BioTraits),
206,Staurastrum anatinum,1.13e-14,1.13e-14,m^3,,Streptophyta,https://esajournals.onlinelibrary.wiley.com/doi/abs/10.1890/12-2060.1 (BioTraits),
207,Staurastrum avicula,1.68e-14,1.68e-14,m^3,,Streptophyta,https://esajournals.onlinelibrary.wiley.com/doi/abs/10.1890/12-2060.1 (BioTraits),
208,Staurastrum chaetoceras,4.6e-15,4.60e-15,m^3,,Streptophyta,https://esajournals.onlinelibrary.wiley.com/doi/abs/10.1890/12-2060.1 (BioTraits),
209,Staurastrum cingulum,6.4e-15,6.40e-15,m^3,,Streptophyta,https://esajournals.onlinelibrary.wiley.com/doi/abs/10.1890/12-2060.1 (BioTraits),
210,Staurastrum pingue,5.1e-15,5.10e-15,m^3,,Streptophyta,https://esajournals.onlinelibrary.wiley.com/doi/abs/10.1890/12-2060.1 (BioTraits),
211,Staurastrum planctonicum,7.8e-15,7.80e-15,m^3,,Streptophyta,https://esajournals.onlinelibrary.wiley.com/doi/abs/10.1890/12-2060.1 (BioTraits),
212,Staurodesmus cuspidatus,5.1e-15,5.10e-15,m^3,,Streptophyta,https://esajournals.onlinelibrary.wiley.com/doi/abs/10.1890/12-2060.1 (BioTraits),
213,Stellarima microtrias,5.39e-14,5.39e-14,m^3,,Bacillariophyta,https://esajournals.onlinelibrary.wiley.com/doi/abs/10.1890/12-2060.1 (BioTraits),
218,Thalassionema nitzschioides,4.2400000000000004e-16,4.24e-16,m^3,,Bacillariophyta,https://esajournals.onlinelibrary.wiley.com/doi/abs/10.1890/12-2060.1 (BioTraits),
219,Thalassiosira eccentrica,2.2200000000000001e-13,2.98e-13,m^3,,Bacillariophyta,https://esajournals.onlinelibrary.wiley.com/doi/abs/10.1890/12-2060.1 (BioTraits),
220,Thalassiosira eccentrica,2.29e-13,2.98e-13,m^3,,Bacillariophyta,https://esajournals.onlinelibrary.wiley.com/doi/abs/10.1890/12-2060.1 (BioTraits),
221,Thalassiosira eccentrica,2.3100000000000003e-13,2.98e-13,m^3,,Bacillariophyta,https://esajournals.onlinelibrary.wiley.com/doi/abs/10.1890/12-2060.1 (BioTraits),
222,Thalassiosira eccentrica,3.07e-13,2.98e-13,m^3,,Bacillariophyta,https://esajournals.onlinelibrary.wiley.com/doi/abs/10.1890/12-2060.1 (BioTraits),
223,Thalassiosira eccentrica,3.97e-13,2.98e-13,m^3,,Bacillariophyta,https://esajournals.onlinelibrary.wiley.com/doi/abs/10.1890/12-2060.1 (BioTraits),
224,Thalassiosira eccentrica,4e-13,2.98e-13,m^3,,Bacillariophyta,https://esajournals.onlinelibrary.wiley.com/doi/abs/10.1890/12-2060.1 (BioTraits),
225,Thalassiosira nordenskioeldii,1.29e-15,6.95e-15,m^3,,Bacillariophyta,https://esajournals.onlinelibrary.wiley.com/doi/abs/10.1890/12-2060.1 (BioTraits),
226,Thalassiosira nordenskioeldii,2.57e-15,6.95e-15,m^3,,Bacillariophyta,https://esajournals.onlinelibrary.wiley.com/doi/abs/10.1890/12-2060.1 (BioTraits),
227,Thalassiosira nordenskioeldii,4.32e-15,6.95e-15,m^3,,Bacillariophyta,https://esajournals.onlinelibrary.wiley.com/doi/abs/10.1890/12-2060.1 (BioTraits),
228,Thalassiosira nordenskioeldii,4.51e-15,6.95e-15,m^3,,Bacillariophyta,https://esajournals.onlinelibrary.wiley.com/doi/abs/10.1890/12-2060.1 (BioTraits),
229,Thalassiosira nordenskioeldii,5.27e-15,6.95e-15,m^3,,Bacillariophyta,https://esajournals.onlinelibrary.wiley.com/doi/abs/10.1890/12-2060.1 (BioTraits),
230,Thalassiosira nordenskioeldii,6.45e-15,6.95e-15,m^3,,Bacillariophyta,https://esajournals.onlinelibrary.wiley.com/doi/abs/10.1890/12-2060.1 (BioTraits),
231,Thalassiosira nordenskioeldii,6.71e-15,6.95e-15,m^3,,Bacillariophyta,https://esajournals.onlinelibrary.wiley.com/doi/abs/10.1890/12-2060.1 (BioTraits),
232,Thalassiosira nordenskioeldii,7.61e-15,6.95e-15,m^3,,Bacillariophyta,https://esajournals.onlinelibrary.wiley.com/doi/abs/10.1890/12-2060.1 (BioTraits),
233,Thalassiosira nordenskioeldii,2.38e-14,6.95e-15,m^3,,Bacillariophyta,https://esajournals.onlinelibrary.wiley.com/doi/abs/10.1890/12-2060.1 (BioTraits),
234,Thalassiosira pseudonana,7.709999999999999e-17,8.42e-17,m^3,,Bacillariophyta,https://esajournals.onlinelibrary.wiley.com/doi/abs/10.1890/12-2060.1 (BioTraits),
235,Thalassiosira pseudonana,9.129999999999999e-17,8.42e-17,m^3,,Bacillariophyta,https://esajournals.onlinelibrary.wiley.com/doi/abs/10.1890/12-2060.1 (BioTraits),
236,Thalassiosira rotula,1.81e-14,3.78e-14,m^3,,Bacillariophyta,https://esajournals.onlinelibrary.wiley.com/doi/abs/10.1890/12-2060.1 (BioTraits),
237,Thalassiosira rotula,2.48e-14,3.78e-14,m^3,,Bacillariophyta,https://esajournals.onlinelibrary.wiley.com/doi/abs/10.1890/12-2060.1 (BioTraits),
238,Thalassiosira rotula,3.08e-14,3.78e-14,m^3,,Bacillariophyta,https://esajournals.onlinelibrary.wiley.com/doi/abs/10.1890/12-2060.1 (BioTraits),
239,Thalassiosira rotula,3.43e-14,3.78e-14,m^3,,Bacillariophyta,https://esajournals.onlinelibrary.wiley.com/doi/abs/10.1890/12-2060.1 (BioTraits),
240,Thalassiosira rotula,4.05e-14,3.78e-14,m^3,,Bacillariophyta,https://esajournals.onlinelibrary.wiley.com/doi/abs/10.1890/12-2060.1 (BioTraits),
241,Thalassiosira rotula,4.13e-14,3.78e-14,m^3,,Bacillariophyta,https://esajournals.onlinelibrary.wiley.com/doi/abs/10.1890/12-2060.1 (BioTraits),
242,Thalassiosira rotula,5.26e-14,3.78e-14,m^3,,Bacillariophyta,https://esajournals.onlinelibrary.wiley.com/doi/abs/10.1890/12-2060.1 (BioTraits),
243,Thalassiosira rotula,6.01e-14,3.78e-14,m^3,,Bacillariophyta,https://esajournals.onlinelibrary.wiley.com/doi/abs/10.1890/12-2060.1 (BioTraits),
244,Thalassiosira weissflogii,5.179999999999999e-16,6.54e-16,m^3,,Bacillariophyta,https://esajournals.onlinelibrary.wiley.com/doi/abs/10.1890/12-2060.1 (BioTraits),
245,Thalassiosira weissflogii,5.21e-16,6.54e-16,m^3,,Bacillariophyta,https://esajournals.onlinelibrary.wiley.com/doi/abs/10.1890/12-2060.1 (BioTraits),
246,Thalassiosira weissflogii,5.719999999999999e-16,6.54e-16,m^3,,Bacillariophyta,https://esajournals.onlinelibrary.wiley.com/doi/abs/10.1890/12-2060.1 (BioTraits),
247,Thalassiosira weissflogii,6.480000000000001e-16,6.54e-16,m^3,,Bacillariophyta,https://esajournals.onlinelibrary.wiley.com/doi/abs/10.1890/12-2060.1 (BioTraits),
248,Thalassiosira weissflogii,7.1299999999999995e-16,6.54e-16,m^3,,Bacillariophyta,https://esajournals.onlinelibrary.wiley.com/doi/abs/10.1890/12-2060.1 (BioTraits),
249,Thalassiosira weissflogii,7.179999999999999e-16,6.54e-16,m^3,,Bacillariophyta,https://esajournals.onlinelibrary.wiley.com/doi/abs/10.1890/12-2060.1 (BioTraits),
250,Thalassiosira weissflogii,8.91e-16,6.54e-16,m^3,,Bacillariophyta,https://esajournals.onlinelibrary.wiley.com/doi/abs/10.1890/12-2060.1 (BioTraits),
